DATE,TIME,ROAD_CLASS,DISTRICT,LATITUDE,LONGITUDE,ACCLOC,TRAFFCTL,VISIBILITY,LIGHT,RDSFCOND,ACCLASS,IMPACTYPE,INVTYPE,INVAGE,PEDCOND,CYCCOND,PEDESTRIAN,CYCLIST,AUTOMOBILE,MOTORCYCLE,TRUCK,TRSN_CITY_VEH,EMERG_VEH,PASSENGER,SPEEDING,AG_DRIV,REDLIGHT,ALCOHOL,DISABILITY,NEIGHBOURHOOD_158
4/1/2006 10:00:00 AM,2344,Major Arterial,Toronto and East York,43.638745,-79.39129,,No Control,Clear,Dark,Dry,Non-Fatal Injury,Rear End,Driver,30 to 34,,,,,Yes,,,,,Yes,,Yes,,,,Harbourfront-CityPlace
4/2/2006 9:00:00 AM,1717,Major Arterial,North York,43.713045,-79.33579,,No Control,Clear,Daylight,Dry,Non-Fatal Injury,SMV Other,Other Property Owner,unknown,,,,,Yes,,,,,,,,,,Yes,Flemingdon Park
4/4/2006 8:00:00 AM,230,Major Arterial,North York,43.732745,-79.35559,,No Control,Clear,Dark,Dry,Non-Fatal Injury,SMV Other,Driver,40 to 44,,,,,Yes,,,,,,,,,Yes,,Banbury-Don Mills
4/4/2006 8:00:00 AM,1325,Collector,Toronto and East York,43.686545,-79.41319,At Intersection,Stop Sign,Clear,Daylight,Dry,Non-Fatal Injury,Pedestrian Collisions,Driver,60 to 64,,,Yes,,Yes,,,,,,,,,,,Forest Hill South
3/16/2006 10:00:00 AM,925,Major Arterial,Scarborough,43.816245,-79.31449,At Intersection,Traffic Signal,Clear,Daylight,Dry,Non-Fatal Injury,Turning Movement,Vehicle Owner,unknown,,,,,Yes,,,,,Yes,,Yes,Yes,,,Steeles
3/16/2006 10:00:00 AM,925,Major Arterial,Scarborough,43.816245,-79.31449,At Intersection,Traffic Signal,Clear,Daylight,Dry,Non-Fatal Injury,Turning Movement,Passenger,0 to 4,,,,,Yes,,,,,Yes,,Yes,Yes,,,Steeles
3/16/2006 10:00:00 AM,925,Major Arterial,Scarborough,43.816245,-79.31449,At Intersection,Traffic Signal,Clear,Daylight,Dry,Non-Fatal Injury,Turning Movement,Driver,25 to 29,,,,,Yes,,,,,Yes,,Yes,Yes,,,Steeles
3/16/2006 10:00:00 AM,925,Major Arterial,Scarborough,43.816245,-79.31449,At Intersection,Traffic Signal,Clear,Daylight,Dry,Non-Fatal Injury,Turning Movement,Driver,65 to 69,,,,,Yes,,,,,Yes,,Yes,Yes,,,Steeles
3/16/2006 10:00:00 AM,925,Major Arterial,Scarborough,43.816245,-79.31449,At Intersection,Traffic Signal,Clear,Daylight,Dry,Non-Fatal Injury,Turning Movement,Driver,35 to 39,,,,,Yes,,,,,Yes,,Yes,Yes,,,Steeles
4/12/2006 8:00:00 AM,1813,Major Arterial,Etobicoke York,43.722345,-79.59789,At Intersection,No Control,Rain,Dark,Wet,Non-Fatal Injury,Pedestrian Collisions,Vehicle Owner,unknown,,,Yes,,Yes,,,,,,,,,,,West Humber-Clairville
4/12/2006 8:00:00 AM,1813,Major Arterial,Etobicoke York,43.722345,-79.59789,At Intersection,No Control,Rain,Dark,Wet,Non-Fatal Injury,Pedestrian Collisions,Driver,25 to 29,,,Yes,,Yes,,,,,,,,,,,West Humber-Clairville
3/17/2006 10:00:00 AM,642,Collector,Toronto and East York,43.663945,-79.45049,At Intersection,Stop Sign,Clear,Daylight,Dry,Non-Fatal Injury,Pedestrian Collisions,Driver,40 to 44,,,Yes,,Yes,,,,,,,Yes,,,,Junction-Wallace Emerson
3/17/2006 10:00:00 AM,1554,Major Arterial,Toronto and East York,43.665145,-79.41129,At Intersection,No Control,Clear,Daylight,Dry,Non-Fatal Injury,Pedestrian Collisions,Driver,40 to 44,,,Yes,,Yes,,,,,,,,,,,Annex
4/7/2006 8:00:00 AM,1555,Major Arterial,Scarborough,43.745745,-79.20959,,No Control,Rain,Daylight,Wet,Non-Fatal Injury,Rear End,Driver,40 to 44,,,,,Yes,,,,,,Yes,Yes,,,,Scarborough Village
4/7/2006 8:00:00 AM,1555,Major Arterial,Scarborough,43.745745,-79.20959,,No Control,Rain,Daylight,Wet,Non-Fatal Injury,Rear End,Driver,55 to 59,,,,,Yes,,,,,,Yes,Yes,,,,Scarborough Village
3/19/2006 10:00:00 AM,207,Major Arterial,Toronto and East York,43.674445,-79.45869,,No Control,Clear,Dark,Dry,Non-Fatal Injury,SMV Other,Driver,25 to 29,,,,,Yes,,,,,Yes,Yes,Yes,,,,Weston-Pelham Park
3/19/2006 10:00:00 AM,207,Major Arterial,Toronto and East York,43.674445,-79.45869,,No Control,Clear,Dark,Dry,Non-Fatal Injury,SMV Other,Other Property Owner,unknown,,,,,Yes,,,,,Yes,Yes,Yes,,,,Weston-Pelham Park
3/19/2006 10:00:00 AM,1743,Major Arterial,Scarborough,43.819645,-79.32439,At Intersection,Traffic Signal,Clear,Daylight,Dry,Non-Fatal Injury,Angle,Driver,40 to 44,,,,,Yes,,,,,Yes,,Yes,Yes,,,NSA
3/19/2006 10:00:00 AM,1743,Major Arterial,Scarborough,43.819645,-79.32439,At Intersection,Traffic Signal,Clear,Daylight,Dry,Non-Fatal Injury,Angle,Passenger,80 to 84,,,,,Yes,,,,,Yes,,Yes,Yes,,,NSA
3/19/2006 10:00:00 AM,1743,Major Arterial,Scarborough,43.819645,-79.32439,At Intersection,Traffic Signal,Clear,Daylight,Dry,Non-Fatal Injury,Angle,Passenger,50 to 54,,,,,Yes,,,,,Yes,,Yes,Yes,,,NSA
3/19/2006 10:00:00 AM,1743,Major Arterial,Scarborough,43.819645,-79.32439,At Intersection,Traffic Signal,Clear,Daylight,Dry,Non-Fatal Injury,Angle,Driver,50 to 54,,,,,Yes,,,,,Yes,,Yes,Yes,,,NSA
3/19/2006 10:00:00 AM,1743,Major Arterial,Scarborough,43.819645,-79.32439,At Intersection,Traffic Signal,Clear,Daylight,Dry,Non-Fatal Injury,Angle,Driver,20 to 24,,,,,Yes,,,,,Yes,,Yes,Yes,,,NSA
4/23/2006 8:00:00 AM,950,Major Arterial,Scarborough,43.772145,-79.25149,At Intersection,Traffic Signal,Rain,Daylight,Wet,Non-Fatal Injury,Turning Movement,Driver,80 to 84,,,,,Yes,,,,,Yes,Yes,Yes,,,,Woburn North
4/23/2006 8:00:00 AM,950,Major Arterial,Scarborough,43.772145,-79.25149,At Intersection,Traffic Signal,Rain,Daylight,Wet,Non-Fatal Injury,Turning Movement,Driver,35 to 39,,,,,Yes,,,,,Yes,Yes,Yes,,,,Woburn North
3/25/2006 10:00:00 AM,1139,Major Arterial,Etobicoke York,43.682545,-79.47799,,No Control,Rain,Daylight,Wet,Non-Fatal Injury,Turning Movement,Passenger,40 to 44,,,,,Yes,,,,,Yes,,,,,,Rockcliffe-Smythe
3/25/2006 10:00:00 AM,1139,Major Arterial,Etobicoke York,43.682545,-79.47799,,No Control,Rain,Daylight,Wet,Non-Fatal Injury,Turning Movement,Driver,45 to 49,,,,,Yes,,,,,Yes,,,,,,Rockcliffe-Smythe
3/25/2006 10:00:00 AM,1139,Major Arterial,Etobicoke York,43.682545,-79.47799,,No Control,Rain,Daylight,Wet,Non-Fatal Injury,Turning Movement,Driver,15 to 19,,,,,Yes,,,,,Yes,,,,,,Rockcliffe-Smythe
4/25/2006 8:00:00 AM,119,Minor Arterial,Scarborough,43.799545,-79.19169,At Intersection,No Control,Clear,Dark,Dry,Non-Fatal Injury,SMV Other,Passenger,25 to 29,,,,,Yes,,,,,Yes,,,,,,Morningside Heights
4/25/2006 8:00:00 AM,119,Minor Arterial,Scarborough,43.799545,-79.19169,At Intersection,No Control,Clear,Dark,Dry,Non-Fatal Injury,SMV Other,Vehicle Owner,unknown,,,,,Yes,,,,,Yes,,,,,,Morningside Heights
4/25/2006 8:00:00 AM,119,Minor Arterial,Scarborough,43.799545,-79.19169,At Intersection,No Control,Clear,Dark,Dry,Non-Fatal Injury,SMV Other,Driver,25 to 29,,,,,Yes,,,,,Yes,,,,,,Morningside Heights
4/25/2006 8:00:00 AM,1630,Local,North York,43.719345,-79.42529,At Intersection,No Control,Clear,Daylight,Dry,Non-Fatal Injury,Pedestrian Collisions,Vehicle Owner,unknown,,,Yes,,Yes,,,,,Yes,,,,,,Bedford Park-Nortown
4/25/2006 8:00:00 AM,1630,Local,North York,43.719345,-79.42529,At Intersection,No Control,Clear,Daylight,Dry,Non-Fatal Injury,Pedestrian Collisions,Passenger,10 to 14,,,Yes,,Yes,,,,,Yes,,,,,,Bedford Park-Nortown
4/25/2006 8:00:00 AM,1630,Local,North York,43.719345,-79.42529,At Intersection,No Control,Clear,Daylight,Dry,Non-Fatal Injury,Pedestrian Collisions,Passenger,0 to 4,,,Yes,,Yes,,,,,Yes,,,,,,Bedford Park-Nortown
4/25/2006 8:00:00 AM,1630,Local,North York,43.719345,-79.42529,At Intersection,No Control,Clear,Daylight,Dry,Non-Fatal Injury,Pedestrian Collisions,Driver,30 to 34,,,Yes,,Yes,,,,,Yes,,,,,,Bedford Park-Nortown
3/26/2006 10:00:00 AM,1614,Minor Arterial,Toronto and East York,43.677745,-79.45579,,No Control,Clear,Daylight,Dry,Non-Fatal Injury,SMV Other,Other Property Owner,unknown,,,,,Yes,,,,,,,,,,,Corso Italia-Davenport
3/31/2006 10:00:00 AM,1640,Major Arterial,Toronto and East York,43.663745,-79.41769,,No Control,Clear,Daylight,Dry,Non-Fatal Injury,Pedestrian Collisions,Driver,45 to 49,,,Yes,,Yes,,,,,,,,,,,Annex
4/1/2006 10:00:00 AM,2205,Major Arterial,Etobicoke York,43.684445,-79.49879,At Intersection,Traffic Signal,Clear,Dark,Dry,Non-Fatal Injury,Sideswipe,Passenger,30 to 34,,,,,Yes,,,,,Yes,Yes,Yes,,,,Mount Dennis
4/1/2006 10:00:00 AM,2205,Major Arterial,Etobicoke York,43.684445,-79.49879,At Intersection,Traffic Signal,Clear,Dark,Dry,Non-Fatal Injury,Sideswipe,Driver,30 to 34,,,,,Yes,,,,,Yes,Yes,Yes,,,,Mount Dennis
4/3/2006 8:00:00 AM,1615,Major Arterial,Toronto and East York,43.656345,-79.45249,At Intersection,Traffic Signal,Rain,Daylight,Wet,Non-Fatal Injury,Pedestrian Collisions,Driver,50 to 54,,,Yes,,Yes,,,,,,,,,,,High Park North
4/6/2006 8:00:00 AM,1540,Major Arterial,Toronto and East York,43.658545,-79.38489,At Intersection,Traffic Signal,Clear,Daylight,Dry,Non-Fatal Injury,Cyclist Collisions,Driver,45 to 49,,,,Yes,Yes,,,,,,,,,,,Yonge-Bay Corridor
4/6/2006 8:00:00 AM,1825,Local,North York,43.708045,-79.43919,,No Control,Clear,Daylight,Dry,Non-Fatal Injury,Pedestrian Collisions,Driver,15 to 19,,,Yes,,Yes,,,,,,,,,,,Englemount-Lawrence
4/8/2006 8:00:00 AM,1150,Major Arterial,Scarborough,43.788745,-79.26289,,No Control,Clear,Daylight,Dry,Non-Fatal Injury,SMV Other,Motorcycle Driver,30 to 34,,,,,,Yes,,,,,,,,,,Agincourt South-Malvern West
4/10/2006 8:00:00 AM,1744,Major Arterial,Toronto and East York,43.651845,-79.36989,At Intersection,Traffic Signal,Clear,Daylight,Dry,Non-Fatal Injury,Rear End,Motorcycle Driver,40 to 44,,,,,Yes,Yes,,,,,,Yes,,,,Moss Park
4/11/2006 8:00:00 AM,1530,Major Arterial,Etobicoke York,43.674445,-79.56319,At Intersection,Traffic Signal,Clear,Daylight,Dry,Non-Fatal Injury,Rear End,Driver,60 to 64,,,,,Yes,,,,,,,Yes,,,,Eringate-Centennial-West Deane
4/11/2006 8:00:00 AM,1620,Major Arterial,Scarborough,43.769845,-79.28249,,No Control,Clear,Daylight,Dry,Non-Fatal Injury,Sideswipe,Driver,40 to 44,,,,,Yes,Yes,,,,,,,,,,Dorset Park
4/11/2006 8:00:00 AM,1853,Major Arterial,Toronto and East York,43.653945,-79.36669,At Intersection,Stop Sign,Clear,Daylight,Dry,Non-Fatal Injury,Angle,Driver,25 to 29,,,,,Yes,,,,,,Yes,Yes,,,,Moss Park
5/6/2006 8:00:00 AM,1830,Major Arterial,North York,43.744145,-79.40669,At Intersection,Traffic Signal,Clear,Daylight,Dry,Non-Fatal Injury,Turning Movement,Driver,40 to 44,,,,,Yes,,,,,Yes,,,,,Yes,St.Andrew-Windfields
5/6/2006 8:00:00 AM,1830,Major Arterial,North York,43.744145,-79.40669,At Intersection,Traffic Signal,Clear,Daylight,Dry,Non-Fatal Injury,Turning Movement,Driver,25 to 29,,,,,Yes,,,,,Yes,,,,,Yes,St.Andrew-Windfields
5/6/2006 8:00:00 AM,1830,Major Arterial,North York,43.744145,-79.40669,At Intersection,Traffic Signal,Clear,Daylight,Dry,Non-Fatal Injury,Turning Movement,Driver,90 to 94,,,,,Yes,,,,,Yes,,,,,Yes,St.Andrew-Windfields
5/8/2006 8:00:00 AM,1950,Major Arterial,North York,43.709145,-79.38619,,Traffic Signal,Clear,Dark,Dry,Non-Fatal Injury,Rear End,Driver,55 to 59,,,,,Yes,,,,,,,,,,,Mount Pleasant East
4/18/2006 8:00:00 AM,10,Major Arterial,Etobicoke York,43.758545,-79.51119,,No Control,Clear,Dark,Dry,Non-Fatal Injury,Approaching,Passenger,15 to 19,,,,,Yes,,,,,Yes,,,,,,Glenfield-Jane Heights
4/18/2006 8:00:00 AM,10,Major Arterial,Etobicoke York,43.758545,-79.51119,,No Control,Clear,Dark,Dry,Non-Fatal Injury,Approaching,Driver,20 to 24,,,,,Yes,,,,,Yes,,,,,,Glenfield-Jane Heights
4/19/2006 8:00:00 AM,1900,Major Arterial,Etobicoke York,43.707545,-79.48239,,Traffic Signal,Clear,Daylight,Dry,Non-Fatal Injury,Pedestrian Collisions,Driver,30 to 34,,,Yes,,Yes,,,,,,,Yes,,,,Brookhaven-Amesbury
5/11/2006 8:00:00 AM,1536,Minor Arterial,Toronto and East York,43.684945,-79.42159,,No Control,Rain,Daylight,Wet,Non-Fatal Injury,Pedestrian Collisions,Driver,80 to 84,,,Yes,,Yes,,,,,,,,,,,Humewood-Cedarvale
5/3/2006 8:00:00 AM,900,Major Arterial,Toronto and East York,43.665445,-79.41139,,No Control,Clear,Daylight,Dry,Non-Fatal Injury,Cyclist Collisions,Driver,unknown,,,,Yes,Yes,,,,,,,,,,,Annex
4/25/2006 8:00:00 AM,800,Major Arterial,Toronto and East York,43.657244,-79.447788,At Intersection,Traffic Signal,Rain,Daylight,Wet,Non-Fatal Injury,Cyclist Collisions,Driver,25 to 29,,,,Yes,Yes,,,,,,,,,,,Dufferin Grove
4/25/2006 8:00:00 AM,800,Major Arterial,Toronto and East York,43.657244,-79.447788,At Intersection,Traffic Signal,Rain,Daylight,Wet,Non-Fatal Injury,Cyclist Collisions,Cyclist,45 to 49,,,,Yes,Yes,,,,,,,,,,,Dufferin Grove
4/26/2006 8:00:00 AM,920,Major Arterial,Scarborough,43.687745,-79.27089,At Intersection,Traffic Signal,Clear,Daylight,Dry,Non-Fatal Injury,Pedestrian Collisions,Driver,75 to 79,,,Yes,,Yes,,,,,,,Yes,,,,Birchcliffe-Cliffside
4/27/2006 8:00:00 AM,2044,Major Arterial,Etobicoke York,43.614245,-79.55619,At Intersection,Traffic Signal,Clear,Dark,Dry,Non-Fatal Injury,Turning Movement,Vehicle Owner,unknown,,,,,Yes,,,,,Yes,,,,,,Etobicoke City Centre
4/27/2006 8:00:00 AM,2044,Major Arterial,Etobicoke York,43.614245,-79.55619,At Intersection,Traffic Signal,Clear,Dark,Dry,Non-Fatal Injury,Turning Movement,Driver,15 to 19,,,,,Yes,,,,,Yes,,,,,,Etobicoke City Centre
4/27/2006 8:00:00 AM,2044,Major Arterial,Etobicoke York,43.614245,-79.55619,At Intersection,Traffic Signal,Clear,Dark,Dry,Non-Fatal Injury,Turning Movement,Driver,25 to 29,,,,,Yes,,,,,Yes,,,,,,Etobicoke City Centre
4/28/2006 8:00:00 AM,1310,Major Arterial,North York,43.701545,-79.42309,At Intersection,Traffic Signal,Clear,Daylight,Dry,Non-Fatal Injury,Turning Movement,Motorcycle Driver,35 to 39,,,,,Yes,Yes,,,,,,,,,,Forest Hill North
5/1/2006 8:00:00 AM,1610,Collector,North York,43.781745,-79.35849,,No Control,Clear,Daylight,Dry,Non-Fatal Injury,SMV Other,Passenger,5 to 9,,,,,Yes,,,,,Yes,Yes,Yes,,,,Don Valley Village
5/1/2006 8:00:00 AM,1610,Collector,North York,43.781745,-79.35849,,No Control,Clear,Daylight,Dry,Non-Fatal Injury,SMV Other,Other Property Owner,unknown,,,,,Yes,,,,,Yes,Yes,Yes,,,,Don Valley Village
5/13/2006 8:00:00 AM,2047,Collector,Toronto and East York,43.656145,-79.39049,At Intersection,Stop Sign,Clear,Dark,Dry,Non-Fatal Injury,Pedestrian Collisions,Driver,unknown,,,Yes,,Yes,,,,,,,,,,,Kensington-Chinatown
5/2/2006 8:00:00 AM,1335,Collector,Scarborough,43.824245,-79.19339,,No Control,Clear,Daylight,Dry,Non-Fatal Injury,Approaching,Motorcycle Driver,20 to 24,,,,,Yes,Yes,,,,,Yes,Yes,,,,Morningside Heights
5/20/2006 8:00:00 AM,150,Major Arterial,Toronto and East York,43.681945,-79.31129,,No Control,Rain,Dark,Wet,Non-Fatal Injury,Pedestrian Collisions,Passenger,15 to 19,,,Yes,,Yes,,,,,Yes,Yes,Yes,,,,Woodbine Corridor
5/20/2006 8:00:00 AM,150,Major Arterial,Toronto and East York,43.681945,-79.31129,,No Control,Rain,Dark,Wet,Non-Fatal Injury,Pedestrian Collisions,Passenger,25 to 29,,,Yes,,Yes,,,,,Yes,Yes,Yes,,,,Woodbine Corridor
5/20/2006 8:00:00 AM,150,Major Arterial,Toronto and East York,43.681945,-79.31129,,No Control,Rain,Dark,Wet,Non-Fatal Injury,Pedestrian Collisions,Vehicle Owner,unknown,,,Yes,,Yes,,,,,Yes,Yes,Yes,,,,Woodbine Corridor
5/20/2006 8:00:00 AM,150,Major Arterial,Toronto and East York,43.681945,-79.31129,,No Control,Rain,Dark,Wet,Non-Fatal Injury,Pedestrian Collisions,Driver,20 to 24,,,Yes,,Yes,,,,,Yes,Yes,Yes,,,,Woodbine Corridor
5/3/2006 8:00:00 AM,1842,Minor Arterial,Toronto and East York,43.675245,-79.32979,,No Control,Clear,Daylight,Dry,Non-Fatal Injury,Approaching,Driver,40 to 44,,,,,Yes,,,,,Yes,,,,,,Greenwood-Coxwell
5/3/2006 8:00:00 AM,1842,Minor Arterial,Toronto and East York,43.675245,-79.32979,,No Control,Clear,Daylight,Dry,Non-Fatal Injury,Approaching,Driver,30 to 34,,,,,Yes,,,,,Yes,,,,,,Greenwood-Coxwell
5/3/2006 8:00:00 AM,1520,Major Arterial,Scarborough,43.793845,-79.23879,,Traffic Signal,Clear,Daylight,Dry,Non-Fatal Injury,SMV Other,Other Property Owner,unknown,,,,,Yes,,,,,,,,,,Yes,Agincourt South-Malvern West
5/5/2006 8:00:00 AM,1150,Major Arterial,Toronto and East York,43.651245,-79.38499,At Intersection,Traffic Signal,Clear,Daylight,Dry,Non-Fatal Injury,Pedestrian Collisions,Driver,30 to 34,,,Yes,,Yes,,,,,,,,,,,Yonge-Bay Corridor
5/5/2006 8:00:00 AM,36,Major Arterial,Etobicoke York,43.775245,-79.49399,At Intersection,Traffic Signal,Clear,Dark,Dry,Non-Fatal Injury,Rear End,Driver,15 to 19,,,,,Yes,,,,,Yes,,Yes,,,,York University Heights
5/5/2006 8:00:00 AM,36,Major Arterial,Etobicoke York,43.775245,-79.49399,At Intersection,Traffic Signal,Clear,Dark,Dry,Non-Fatal Injury,Rear End,Driver,50 to 54,,,,,Yes,,,,,Yes,,Yes,,,,York University Heights
5/7/2006 8:00:00 AM,1452,Local,Etobicoke York,43.667545,-79.52759,,No Control,Clear,Daylight,Dry,Non-Fatal Injury,SMV Other,Driver,65 to 69,,,,,Yes,,,,,Yes,,,,,,Edenbridge-Humber Valley
5/9/2006 8:00:00 AM,1632,Major Arterial,Toronto and East York,43.648345,-79.48569,,Traffic Signal,Clear,Daylight,Dry,Non-Fatal Injury,Rear End,Driver,15 to 19,,,,,Yes,Yes,,,,,,Yes,,,,High Park-Swansea
5/6/2006 8:00:00 AM,2314,Major Arterial,Scarborough,43.789445,-79.25969,,No Control,Clear,Dark,Dry,Non-Fatal Injury,Pedestrian Collisions,Driver,50 to 54,,,Yes,,Yes,,,,,,,,,,,Agincourt South-Malvern West
5/3/2006 8:00:00 AM,1400,Major Arterial,North York,43.779745,-79.41559,At Intersection,Traffic Signal,Clear,Daylight,Dry,Non-Fatal Injury,SMV Other,Passenger,20 to 24,,,,,Yes,,,,,Yes,,Yes,Yes,,,Willowdale West
5/3/2006 8:00:00 AM,1400,Major Arterial,North York,43.779745,-79.41559,At Intersection,Traffic Signal,Clear,Daylight,Dry,Non-Fatal Injury,SMV Other,Driver,15 to 19,,,,,Yes,,,,,Yes,,Yes,Yes,,,Willowdale West
5/11/2006 8:00:00 AM,1700,Major Arterial,Etobicoke York,43.717445,-79.52399,,No Control,Rain,Daylight,Wet,Non-Fatal Injury,Pedestrian Collisions,Driver,15 to 19,,,Yes,,Yes,,,,,,,,,,,Oakdale-Beverley Heights
5/11/2006 8:00:00 AM,610,Collector,Scarborough,43.835745,-79.18299,,No Control,Rain,Daylight,Wet,Non-Fatal Injury,Approaching,Driver,45 to 49,,,,,Yes,,,,,,,Yes,,,,Morningside Heights
5/11/2006 8:00:00 AM,610,Collector,Scarborough,43.835745,-79.18299,,No Control,Rain,Daylight,Wet,Non-Fatal Injury,Approaching,Driver,50 to 54,,,,,Yes,,,,,,,Yes,,,,Morningside Heights
5/13/2006 8:00:00 AM,1225,Major Arterial,Toronto and East York,43.670545,-79.38979,At Intersection,Stop Sign,Clear,Daylight,Dry,Non-Fatal Injury,Pedestrian Collisions,Driver,45 to 49,,,Yes,,Yes,,,,,,,,,,,Annex
5/28/2006 8:00:00 AM,550,Major Arterial,Scarborough,43.749445,-79.27489,At Intersection,Traffic Signal,Clear,"Dusk, artificial",Dry,Non-Fatal Injury,SMV Other,Vehicle Owner,unknown,,,,,Yes,,,,,Yes,,,,Yes,,Dorset Park
5/28/2006 8:00:00 AM,550,Major Arterial,Scarborough,43.749445,-79.27489,At Intersection,Traffic Signal,Clear,"Dusk, artificial",Dry,Non-Fatal Injury,SMV Other,Driver,20 to 24,,,,,Yes,,,,,Yes,,,,Yes,,Dorset Park
5/28/2006 8:00:00 AM,550,Major Arterial,Scarborough,43.749445,-79.27489,At Intersection,Traffic Signal,Clear,"Dusk, artificial",Dry,Non-Fatal Injury,SMV Other,Other Property Owner,unknown,,,,,Yes,,,,,Yes,,,,Yes,,Dorset Park
5/28/2006 8:00:00 AM,1615,Major Arterial,Etobicoke York,43.682345,-79.52659,At Intersection,Traffic Signal,Clear,Daylight,Other,Non-Fatal Injury,Turning Movement,Vehicle Owner,unknown,,,,,Yes,,,,,,,,,,,Humber Heights-Westmount
5/28/2006 8:00:00 AM,1615,Major Arterial,Etobicoke York,43.682345,-79.52659,At Intersection,Traffic Signal,Clear,Daylight,Other,Non-Fatal Injury,Turning Movement,Driver,45 to 49,,,,,Yes,,,,,,,,,,,Humber Heights-Westmount
5/28/2006 8:00:00 AM,1615,Major Arterial,Etobicoke York,43.682345,-79.52659,At Intersection,Traffic Signal,Clear,Daylight,Other,Non-Fatal Injury,Turning Movement,Driver,35 to 39,,,,,Yes,,,,,,,,,,,Humber Heights-Westmount
5/8/2006 8:00:00 AM,1911,Local,Toronto and East York,43.665345,-79.41649,,No Control,Clear,Daylight,Dry,Non-Fatal Injury,Pedestrian Collisions,Driver,unknown,,,Yes,,Yes,,,,,,Yes,Yes,,,,Annex
5/17/2006 8:00:00 AM,1137,Major Arterial,North York,43.772845,-79.44819,At Intersection,Traffic Signal,Clear,Daylight,Dry,Non-Fatal Injury,Pedestrian Collisions,Driver,50 to 54,,,Yes,,Yes,,,,,,,Yes,,,,Westminster-Branson
5/9/2006 8:00:00 AM,710,Major Arterial,Etobicoke York,43.626545,-79.50149,At Intersection,Stop Sign,Clear,Daylight,Dry,Non-Fatal Injury,Turning Movement,Passenger,30 to 34,,,,,Yes,,,,,Yes,,,,,,Stonegate-Queensway
5/9/2006 8:00:00 AM,710,Major Arterial,Etobicoke York,43.626545,-79.50149,At Intersection,Stop Sign,Clear,Daylight,Dry,Non-Fatal Injury,Turning Movement,Vehicle Owner,unknown,,,,,Yes,,,,,Yes,,,,,,Stonegate-Queensway
5/9/2006 8:00:00 AM,710,Major Arterial,Etobicoke York,43.626545,-79.50149,At Intersection,Stop Sign,Clear,Daylight,Dry,Non-Fatal Injury,Turning Movement,Driver,35 to 39,,,,,Yes,,,,,Yes,,,,,,Stonegate-Queensway
6/3/2006 8:00:00 AM,1815,Major Arterial,Toronto and East York,43.680245,-79.43249,At Intersection,Traffic Signal,Rain,Daylight,Wet,Non-Fatal Injury,Pedestrian Collisions,Vehicle Owner,unknown,,,Yes,,Yes,,,,,,,Yes,,,,Wychwood
6/3/2006 8:00:00 AM,1815,Major Arterial,Toronto and East York,43.680245,-79.43249,At Intersection,Traffic Signal,Rain,Daylight,Wet,Non-Fatal Injury,Pedestrian Collisions,Driver,20 to 24,,,Yes,,Yes,,,,,,,Yes,,,,Wychwood
6/5/2006 8:00:00 AM,110,,North York,43.705545,-79.43839,,No Control,Clear,Dark,Dry,Non-Fatal Injury,SMV Other,Passenger,20 to 24,,,,,Yes,,,,,Yes,,,,Yes,,Forest Hill North
6/5/2006 8:00:00 AM,110,,North York,43.705545,-79.43839,,No Control,Clear,Dark,Dry,Non-Fatal Injury,SMV Other,Driver,20 to 24,,,,,Yes,,,,,Yes,,,,Yes,,Forest Hill North
6/5/2006 8:00:00 AM,110,,North York,43.705545,-79.43839,,No Control,Clear,Dark,Dry,Non-Fatal Injury,SMV Other,Other Property Owner,unknown,,,,,Yes,,,,,Yes,,,,Yes,,Forest Hill North
6/6/2006 8:00:00 AM,1515,Major Arterial,Toronto and East York,43.656345,-79.39939,,No Control,Clear,Daylight,Dry,Non-Fatal Injury,Pedestrian Collisions,Vehicle Owner,unknown,,,Yes,,,,,Yes,,,,,,,,Kensington-Chinatown
6/6/2006 8:00:00 AM,1515,Major Arterial,Toronto and East York,43.656345,-79.39939,,No Control,Clear,Daylight,Dry,Non-Fatal Injury,Pedestrian Collisions,Driver,35 to 39,,,Yes,,,,,Yes,,,,,,,,Kensington-Chinatown
6/7/2006 8:00:00 AM,2141,Major Arterial,Etobicoke York,43.764345,-79.57489,At Intersection,Traffic Signal,Clear,Dark,Dry,Non-Fatal Injury,Sideswipe,Driver,40 to 44,,,,,Yes,,,,,,Yes,Yes,,,,NSA
6/8/2006 8:00:00 AM,1543,Major Arterial,Etobicoke York,43.622945,-79.48119,At Intersection,Traffic Signal,Clear,Daylight,Dry,Non-Fatal Injury,Turning Movement,Driver,60 to 64,,,,,Yes,,,,,Yes,,,,,,Humber Bay Shores
6/8/2006 8:00:00 AM,1543,Major Arterial,Etobicoke York,43.622945,-79.48119,At Intersection,Traffic Signal,Clear,Daylight,Dry,Non-Fatal Injury,Turning Movement,Driver,40 to 44,,,,,Yes,,,,,Yes,,,,,,Humber Bay Shores
5/21/2006 8:00:00 AM,1024,Major Arterial,Etobicoke York,43.713345,-79.55969,At Intersection,Traffic Signal,Rain,Daylight,Wet,Non-Fatal Injury,Turning Movement,Vehicle Owner,unknown,,,,,Yes,,,,,,,,,,,Rexdale-Kipling
5/21/2006 8:00:00 AM,1024,Major Arterial,Etobicoke York,43.713345,-79.55969,At Intersection,Traffic Signal,Rain,Daylight,Wet,Non-Fatal Injury,Turning Movement,Driver,15 to 19,,,,,Yes,,,,,,,,,,,Rexdale-Kipling
5/21/2006 8:00:00 AM,1024,Major Arterial,Etobicoke York,43.713345,-79.55969,At Intersection,Traffic Signal,Rain,Daylight,Wet,Non-Fatal Injury,Turning Movement,Driver,45 to 49,,,,,Yes,,,,,,,,,,,Rexdale-Kipling