DATE,TIME,ROAD_CLASS,DISTRICT,LATITUDE,LONGITUDE,ACCLOC,TRAFFCTL,VISIBILITY,LIGHT,RDSFCOND,ACCLASS,IMPACTYPE,INVTYPE,INVAGE,PEDCOND,CYCCOND,PEDESTRIAN,CYCLIST,AUTOMOBILE,MOTORCYCLE,TRUCK,TRSN_CITY_VEH,EMERG_VEH,PASSENGER,SPEEDING,AG_DRIV,REDLIGHT,ALCOHOL,DISABILITY,NEIGHBOURHOOD_158
7/7/2006 8:00:00 AM,1414,Major Arterial,Toronto and East York,43.687645,-79.39389,,No Control,Clear,Daylight,Dry,Non-Fatal Injury,Pedestrian Collisions,Driver,35 to 39,,,Yes,,,,,Yes,,,,,,,,Rosedale-Moore Park
6/21/2006 8:00:00 AM,850,Minor Arterial,Toronto and East York,43.646545,-79.38299,At Intersection,Traffic Signal,Clear,Daylight,Dry,Non-Fatal Injury,Cyclist Collisions,Cyclist,50 to 54,,,,Yes,Yes,,,,,,,,,,,Yonge-Bay Corridor
8/3/2006 8:00:00 AM,319,Major Arterial,Scarborough,43.751545,-79.26509,At Intersection,Traffic Signal,Clear,Dark,Dry,Non-Fatal Injury,Angle,Passenger,35 to 39,,,,,Yes,,,,,Yes,,Yes,Yes,,,Dorset Park
8/3/2006 8:00:00 AM,319,Major Arterial,Scarborough,43.751545,-79.26509,At Intersection,Traffic Signal,Clear,Dark,Dry,Non-Fatal Injury,Angle,Driver,45 to 49,,,,,Yes,,,,,Yes,,Yes,Yes,,,Dorset Park
8/3/2006 8:00:00 AM,319,Major Arterial,Scarborough,43.751545,-79.26509,At Intersection,Traffic Signal,Clear,Dark,Dry,Non-Fatal Injury,Angle,Vehicle Owner,unknown,,,,,Yes,,,,,Yes,,Yes,Yes,,,Dorset Park
8/3/2006 8:00:00 AM,319,Major Arterial,Scarborough,43.751545,-79.26509,At Intersection,Traffic Signal,Clear,Dark,Dry,Non-Fatal Injury,Angle,Passenger,50 to 54,,,,,Yes,,,,,Yes,,Yes,Yes,,,Dorset Park
8/3/2006 8:00:00 AM,319,Major Arterial,Scarborough,43.751545,-79.26509,At Intersection,Traffic Signal,Clear,Dark,Dry,Non-Fatal Injury,Angle,Driver,35 to 39,,,,,Yes,,,,,Yes,,Yes,Yes,,,Dorset Park
8/3/2006 8:00:00 AM,122,Major Arterial,Toronto and East York,43.634145,-79.47169,,No Control,Rain,Dark,Wet,Non-Fatal Injury,Pedestrian Collisions,Vehicle Owner,unknown,,,Yes,,Yes,,,,,Yes,,,,Yes,,South Parkdale
8/3/2006 8:00:00 AM,122,Major Arterial,Toronto and East York,43.634145,-79.47169,,No Control,Rain,Dark,Wet,Non-Fatal Injury,Pedestrian Collisions,Driver,45 to 49,,,Yes,,Yes,,,,,Yes,,,,Yes,,South Parkdale
8/3/2006 8:00:00 AM,122,Major Arterial,Toronto and East York,43.634145,-79.47169,,No Control,Rain,Dark,Wet,Non-Fatal Injury,Pedestrian Collisions,Passenger,15 to 19,,,Yes,,Yes,,,,,Yes,,,,Yes,,South Parkdale
8/3/2006 8:00:00 AM,122,Major Arterial,Toronto and East York,43.634145,-79.47169,,No Control,Rain,Dark,Wet,Non-Fatal Injury,Pedestrian Collisions,Driver,20 to 24,,,Yes,,Yes,,,,,Yes,,,,Yes,,South Parkdale
8/5/2006 8:00:00 AM,6,Local,Etobicoke York,43.603245,-79.55459,,No Control,Clear,Dark,Dry,Non-Fatal Injury,Pedestrian Collisions,Driver,20 to 24,,,Yes,,Yes,,,,,,,,,,,Alderwood
8/6/2006 8:00:00 AM,203,Major Arterial,Toronto and East York,43.677645,-79.38059,,No Control,Clear,Dark,Dry,Non-Fatal Injury,Pedestrian Collisions,Driver,20 to 24,,,Yes,,Yes,,,,,,,,,,,Rosedale-Moore Park
8/7/2006 8:00:00 AM,2110,Major Arterial,Etobicoke York,43.735245,-79.59819,At Intersection,No Control,Clear,Dark,Dry,Non-Fatal Injury,Pedestrian Collisions,Driver,unknown,,,Yes,,Yes,,,,,,,Yes,,,,West Humber-Clairville
7/10/2006 8:00:00 AM,1313,Minor Arterial,Etobicoke York,43.744245,-79.59539,At Intersection,Traffic Signal,Clear,Daylight,Dry,Non-Fatal Injury,Turning Movement,Driver,25 to 29,,,,,Yes,,,,,Yes,,,,,,West Humber-Clairville
7/10/2006 8:00:00 AM,1313,Minor Arterial,Etobicoke York,43.744245,-79.59539,At Intersection,Traffic Signal,Clear,Daylight,Dry,Non-Fatal Injury,Turning Movement,Passenger,15 to 19,,,,,Yes,,,,,Yes,,,,,,West Humber-Clairville
7/10/2006 8:00:00 AM,1313,Minor Arterial,Etobicoke York,43.744245,-79.59539,At Intersection,Traffic Signal,Clear,Daylight,Dry,Non-Fatal Injury,Turning Movement,Driver,35 to 39,,,,,Yes,,,,,Yes,,,,,,West Humber-Clairville
7/11/2006 8:00:00 AM,825,Minor Arterial,Scarborough,43.807445,-79.17039,,No Control,Clear,Daylight,Dry,Non-Fatal Injury,Pedestrian Collisions,Driver,55 to 59,,,Yes,,,,,,,,,Yes,,,,West Rouge
7/11/2006 8:00:00 AM,1815,Local,Toronto and East York,43.686245,-79.43189,,No Control,Clear,Daylight,Dry,Non-Fatal Injury,Cyclist Collisions,Driver,55 to 59,,,,Yes,Yes,,,,,,,,,,,Oakwood Village
7/10/2006 8:00:00 AM,1310,Major Arterial,Etobicoke York,43.605445,-79.49109,,No Control,Rain,Daylight,Wet,Non-Fatal Injury,Sideswipe,Driver,45 to 49,,,,,Yes,,,,,Yes,,Yes,,,,Mimico-Queensway
7/10/2006 8:00:00 AM,1310,Major Arterial,Etobicoke York,43.605445,-79.49109,,No Control,Rain,Daylight,Wet,Non-Fatal Injury,Sideswipe,Passenger,70 to 74,,,,,Yes,,,,,Yes,,Yes,,,,Mimico-Queensway
7/10/2006 8:00:00 AM,1310,Major Arterial,Etobicoke York,43.605445,-79.49109,,No Control,Rain,Daylight,Wet,Non-Fatal Injury,Sideswipe,Driver,60 to 64,,,,,Yes,,,,,Yes,,Yes,,,,Mimico-Queensway
8/6/2006 8:00:00 AM,2150,Major Arterial,Toronto and East York,43.690145,-79.29309,,No Control,Clear,Dark,Dry,Non-Fatal Injury,Rear End,Driver,45 to 49,,,,,Yes,,,,,,Yes,Yes,,,,Taylor-Massey
8/6/2006 8:00:00 AM,2150,Major Arterial,Toronto and East York,43.690145,-79.29309,,No Control,Clear,Dark,Dry,Non-Fatal Injury,Rear End,Driver,unknown,,,,,Yes,,,,,,Yes,Yes,,,,Taylor-Massey
5/25/2006 8:00:00 AM,2250,Major Arterial,Toronto and East York,43.686245,-79.39329,At Intersection,Traffic Signal,Clear,Dark,Dry,Non-Fatal Injury,Pedestrian Collisions,Cyclist,40 to 44,,Normal,Yes,Yes,,,,,,,,,,,,Rosedale-Moore Park
8/8/2006 8:00:00 AM,1006,Major Arterial,North York,43.795445,-79.41939,At Intersection,Traffic Signal,Clear,Daylight,Dry,Non-Fatal Injury,Pedestrian Collisions,Driver,40 to 44,,,Yes,,Yes,,,,,,,Yes,,,,Newtonbrook East
7/12/2006 8:00:00 AM,150,Major Arterial,Etobicoke York,43.643045,-79.57379,,No Control,Clear,Dark,Dry,Non-Fatal Injury,Other,Motorcycle Driver,30 to 34,,,,,,Yes,,,,Yes,Yes,Yes,,,,Eringate-Centennial-West Deane
7/12/2006 8:00:00 AM,1600,Major Arterial,Scarborough,43.758945,-79.25709,At Intersection,Traffic Signal,Other,Daylight,Other,Non-Fatal Injury,Pedestrian Collisions,,unknown,,,Yes,,Yes,,,,,,,,,,,Bendale-Glen Andrew
7/13/2006 8:00:00 AM,1100,Minor Arterial,Toronto and East York,43.663145,-79.39269,,Stop Sign,Clear,Daylight,Dry,Non-Fatal Injury,Cyclist Collisions,Driver,45 to 49,,,,Yes,Yes,,,,,,,,,,,Bay-Cloverhill
7/13/2006 8:00:00 AM,1310,Major Arterial,Toronto and East York,43.647845,-79.39599,,Traffic Signal,Clear,Daylight,Dry,Non-Fatal Injury,Pedestrian Collisions,Vehicle Owner,unknown,,,Yes,,,,,Yes,,,,,,,,Wellington Place
7/13/2006 8:00:00 AM,1310,Major Arterial,Toronto and East York,43.647845,-79.39599,,Traffic Signal,Clear,Daylight,Dry,Non-Fatal Injury,Pedestrian Collisions,Driver,40 to 44,,,Yes,,,,,Yes,,,,,,,,Wellington Place
8/11/2006 8:00:00 AM,2230,Minor Arterial,Toronto and East York,43.683245,-79.45599,At Intersection,No Control,Clear,Dark,Dry,Non-Fatal Injury,SMV Other,Passenger,10 to 14,,,,,Yes,,,,,Yes,,,,,,Caledonia-Fairbank
8/11/2006 8:00:00 AM,2230,Minor Arterial,Toronto and East York,43.683245,-79.45599,At Intersection,No Control,Clear,Dark,Dry,Non-Fatal Injury,SMV Other,Vehicle Owner,unknown,,,,,Yes,,,,,Yes,,,,,,Caledonia-Fairbank
8/11/2006 8:00:00 AM,2230,Minor Arterial,Toronto and East York,43.683245,-79.45599,At Intersection,No Control,Clear,Dark,Dry,Non-Fatal Injury,SMV Other,Driver,30 to 34,,,,,Yes,,,,,Yes,,,,,,Caledonia-Fairbank
8/11/2006 8:00:00 AM,2230,Minor Arterial,Toronto and East York,43.683245,-79.45599,At Intersection,No Control,Clear,Dark,Dry,Non-Fatal Injury,SMV Other,Other Property Owner,unknown,,,,,Yes,,,,,Yes,,,,,,Caledonia-Fairbank
6/21/2006 8:00:00 AM,800,Major Arterial,Toronto and East York,43.685645,-79.31279,At Intersection,Traffic Signal,Clear,Daylight,Dry,Non-Fatal Injury,Pedestrian Collisions,Pedestrian,5 to 9,Normal,,Yes,Yes,,,,,,,,,,,,Woodbine Corridor
6/21/2006 8:00:00 AM,800,Major Arterial,Toronto and East York,43.685645,-79.31279,At Intersection,Traffic Signal,Clear,Daylight,Dry,Non-Fatal Injury,Pedestrian Collisions,Cyclist,20 to 24,,Normal,Yes,Yes,,,,,,,,,,,,Woodbine Corridor
7/14/2006 8:00:00 AM,920,Minor Arterial,Toronto and East York,43.649645,-79.43139,At Intersection,Traffic Signal,Clear,Daylight,Dry,Non-Fatal Injury,Cyclist Collisions,Vehicle Owner,unknown,,,,Yes,Yes,,,,,,Yes,Yes,Yes,,,Little Portugal
7/14/2006 8:00:00 AM,920,Minor Arterial,Toronto and East York,43.649645,-79.43139,At Intersection,Traffic Signal,Clear,Daylight,Dry,Non-Fatal Injury,Cyclist Collisions,Driver,20 to 24,,,,Yes,Yes,,,,,,Yes,Yes,Yes,,,Little Portugal
7/14/2006 8:00:00 AM,1310,Major Arterial,Etobicoke York,43.642845,-79.57469,At Intersection,No Control,Clear,Daylight,Dry,Non-Fatal Injury,Pedestrian Collisions,Vehicle Owner,unknown,,,Yes,,,,,Yes,,,,,,,,Eringate-Centennial-West Deane
7/14/2006 8:00:00 AM,1310,Major Arterial,Etobicoke York,43.642845,-79.57469,At Intersection,No Control,Clear,Daylight,Dry,Non-Fatal Injury,Pedestrian Collisions,Driver,35 to 39,,,Yes,,,,,Yes,,,,,,,,Eringate-Centennial-West Deane
7/17/2006 8:00:00 AM,1958,Major Arterial,Toronto and East York,43.646445,-79.40379,At Intersection,Traffic Signal,Clear,Daylight,Dry,Non-Fatal Injury,Angle,Driver,55 to 59,,,,,Yes,Yes,,,,,Yes,Yes,,,,West Queen West
7/18/2006 8:00:00 AM,1020,Major Arterial,North York,43.752445,-79.40809,At Intersection,Traffic Signal,Clear,Daylight,Dry,Non-Fatal Injury,Rear End,Driver,40 to 44,,,,,Yes,,,,,Yes,,Yes,,,,St.Andrew-Windfields
7/18/2006 8:00:00 AM,1020,Major Arterial,North York,43.752445,-79.40809,At Intersection,Traffic Signal,Clear,Daylight,Dry,Non-Fatal Injury,Rear End,Passenger,50 to 54,,,,,Yes,,,,,Yes,,Yes,,,,St.Andrew-Windfields
7/18/2006 8:00:00 AM,1020,Major Arterial,North York,43.752445,-79.40809,At Intersection,Traffic Signal,Clear,Daylight,Dry,Non-Fatal Injury,Rear End,Driver,50 to 54,,,,,Yes,,,,,Yes,,Yes,,,,St.Andrew-Windfields
7/18/2006 8:00:00 AM,1020,Major Arterial,North York,43.752445,-79.40809,At Intersection,Traffic Signal,Clear,Daylight,Dry,Non-Fatal Injury,Rear End,Passenger,30 to 34,,,,,Yes,,,,,Yes,,Yes,,,,St.Andrew-Windfields
7/18/2006 8:00:00 AM,1020,Major Arterial,North York,43.752445,-79.40809,At Intersection,Traffic Signal,Clear,Daylight,Dry,Non-Fatal Injury,Rear End,Driver,45 to 49,,,,,Yes,,,,,Yes,,Yes,,,,St.Andrew-Windfields
7/20/2006 8:00:00 AM,1623,Major Arterial,Etobicoke York,43.675745,-79.55709,,No Control,Rain,Daylight,Wet,Non-Fatal Injury,Sideswipe,Driver,unknown,,,,,Yes,Yes,,,,,,,,,,Princess-Rosethorn
8/15/2006 8:00:00 AM,829,Major Arterial,Etobicoke York,43.615445,-79.55059,,No Control,Clear,Daylight,Dry,Non-Fatal Injury,Approaching,Driver,40 to 44,,,,,Yes,,Yes,,,,,Yes,,,,Etobicoke City Centre
8/15/2006 8:00:00 AM,829,Major Arterial,Etobicoke York,43.615445,-79.55059,,No Control,Clear,Daylight,Dry,Non-Fatal Injury,Approaching,Truck Driver,20 to 24,,,,,Yes,,Yes,,,,,Yes,,,,Etobicoke City Centre
8/15/2006 8:00:00 AM,829,Major Arterial,Etobicoke York,43.615445,-79.55059,,No Control,Clear,Daylight,Dry,Non-Fatal Injury,Approaching,Driver,35 to 39,,,,,Yes,,Yes,,,,,Yes,,,,Etobicoke City Centre
8/15/2006 8:00:00 AM,829,Major Arterial,Etobicoke York,43.615445,-79.55059,,No Control,Clear,Daylight,Dry,Non-Fatal Injury,Approaching,Driver,60 to 64,,,,,Yes,,Yes,,,,,Yes,,,,Etobicoke City Centre
8/15/2006 8:00:00 AM,1519,Major Arterial,Scarborough,43.811645,-79.26919,At Intersection,Traffic Signal,Clear,Daylight,Dry,Non-Fatal Injury,Turning Movement,Driver,40 to 44,,,,,Yes,,,,,,,,,,,Agincourt North
8/15/2006 8:00:00 AM,1519,Major Arterial,Scarborough,43.811645,-79.26919,At Intersection,Traffic Signal,Clear,Daylight,Dry,Non-Fatal Injury,Turning Movement,Driver,65 to 69,,,,,Yes,,,,,,,,,,,Agincourt North
7/22/2006 8:00:00 AM,640,Major Arterial,Toronto and East York,43.654545,-79.36399,At Intersection,Traffic Signal,Clear,Daylight,Dry,Non-Fatal Injury,Angle,Vehicle Owner,unknown,,,,,Yes,,,Yes,,,,Yes,Yes,,,Moss Park
7/22/2006 8:00:00 AM,640,Major Arterial,Toronto and East York,43.654545,-79.36399,At Intersection,Traffic Signal,Clear,Daylight,Dry,Non-Fatal Injury,Angle,Driver,40 to 44,,,,,Yes,,,Yes,,,,Yes,Yes,,,Moss Park
7/24/2006 8:00:00 AM,1428,Major Arterial,North York,43.784645,-79.48109,At Intersection,Traffic Signal,Clear,Daylight,Dry,Non-Fatal Injury,Sideswipe,Driver,35 to 39,,,,,Yes,,,,,Yes,,,,,,York University Heights
7/24/2006 8:00:00 AM,1428,Major Arterial,North York,43.784645,-79.48109,At Intersection,Traffic Signal,Clear,Daylight,Dry,Non-Fatal Injury,Sideswipe,Driver,15 to 19,,,,,Yes,,,,,Yes,,,,,,York University Heights
7/24/2006 8:00:00 AM,1428,Major Arterial,North York,43.784645,-79.48109,At Intersection,Traffic Signal,Clear,Daylight,Dry,Non-Fatal Injury,Sideswipe,Passenger,20 to 24,,,,,Yes,,,,,Yes,,,,,,York University Heights
7/24/2006 8:00:00 AM,1428,Major Arterial,North York,43.784645,-79.48109,At Intersection,Traffic Signal,Clear,Daylight,Dry,Non-Fatal Injury,Sideswipe,Driver,60 to 64,,,,,Yes,,,,,Yes,,,,,,York University Heights
8/17/2006 8:00:00 AM,1828,Major Arterial,Toronto and East York,43.655045,-79.36209,,No Control,Clear,Dark,Dry,Non-Fatal Injury,Pedestrian Collisions,Vehicle Owner,unknown,,,Yes,,Yes,,,,,,,,,,,Moss Park
8/17/2006 8:00:00 AM,1828,Major Arterial,Toronto and East York,43.655045,-79.36209,,No Control,Clear,Dark,Dry,Non-Fatal Injury,Pedestrian Collisions,Driver,40 to 44,,,Yes,,Yes,,,,,,,,,,,Moss Park
7/24/2006 8:00:00 AM,2348,Major Arterial,Toronto and East York,43.700245,-79.33769,,No Control,Clear,Dark,Dry,Non-Fatal Injury,Approaching,Passenger,25 to 29,,,,,Yes,,,,,Yes,,,,Yes,,Old East York
7/24/2006 8:00:00 AM,2348,Major Arterial,Toronto and East York,43.700245,-79.33769,,No Control,Clear,Dark,Dry,Non-Fatal Injury,Approaching,Vehicle Owner,unknown,,,,,Yes,,,,,Yes,,,,Yes,,Old East York
7/24/2006 8:00:00 AM,2348,Major Arterial,Toronto and East York,43.700245,-79.33769,,No Control,Clear,Dark,Dry,Non-Fatal Injury,Approaching,Driver,25 to 29,,,,,Yes,,,,,Yes,,,,Yes,,Old East York
6/30/2006 8:00:00 AM,1208,Minor Arterial,North York,43.765245,-79.42519,,No Control,Clear,Daylight,Dry,Non-Fatal Injury,Pedestrian Collisions,Vehicle Owner,unknown,,,Yes,,Yes,,,,,,,Yes,,,,Lansing-Westgate
6/30/2006 8:00:00 AM,1208,Minor Arterial,North York,43.765245,-79.42519,,No Control,Clear,Daylight,Dry,Non-Fatal Injury,Pedestrian Collisions,Driver,50 to 54,,,Yes,,Yes,,,,,,,Yes,,,,Lansing-Westgate
7/26/2006 8:00:00 AM,2135,Major Arterial,Etobicoke York,43.721345,-79.54559,At Intersection,Traffic Signal,Rain,Dark,Wet,Non-Fatal Injury,Angle,Driver,20 to 24,,,,,Yes,,,,,Yes,,,,,,Elms-Old Rexdale
7/26/2006 8:00:00 AM,2135,Major Arterial,Etobicoke York,43.721345,-79.54559,At Intersection,Traffic Signal,Rain,Dark,Wet,Non-Fatal Injury,Angle,Passenger,60 to 64,,,,,Yes,,,,,Yes,,,,,,Elms-Old Rexdale
7/26/2006 8:00:00 AM,2135,Major Arterial,Etobicoke York,43.721345,-79.54559,At Intersection,Traffic Signal,Rain,Dark,Wet,Non-Fatal Injury,Angle,Driver,65 to 69,,,,,Yes,,,,,Yes,,,,,,Elms-Old Rexdale
8/21/2006 8:00:00 AM,1040,Major Arterial,North York,43.722145,-79.33279,,No Control,Clear,Daylight,Other,Non-Fatal Injury,Pedestrian Collisions,Driver,55 to 59,,,Yes,,Yes,,,,,,,,,,,Flemingdon Park
8/21/2006 8:00:00 AM,1142,Major Arterial,Scarborough,43.789645,-79.25879,At Intersection,Traffic Signal,Clear,Daylight,Dry,Non-Fatal Injury,Pedestrian Collisions,Passenger,40 to 44,,,Yes,,Yes,,,,,Yes,,Yes,,,,Agincourt South-Malvern West
8/21/2006 8:00:00 AM,1142,Major Arterial,Scarborough,43.789645,-79.25879,At Intersection,Traffic Signal,Clear,Daylight,Dry,Non-Fatal Injury,Pedestrian Collisions,Driver,75 to 79,,,Yes,,Yes,,,,,Yes,,Yes,,,,Agincourt South-Malvern West
5/17/2006 8:00:00 AM,1215,Local,North York,43.768745,-79.35689,,No Control,Clear,Daylight,Dry,Non-Fatal Injury,Cyclist Collisions,Driver,75 to 79,,,,Yes,Yes,,,,,,,Yes,,,,Henry Farm
7/14/2006 8:00:00 AM,1600,Major Arterial,North York,43.702745,-79.41739,At Intersection,Traffic Signal,Clear,Daylight,Dry,Non-Fatal Injury,Turning Movement,Driver,35 to 39,,,,,Yes,,,,,Yes,,,,,,Forest Hill North
7/14/2006 8:00:00 AM,1600,Major Arterial,North York,43.702745,-79.41739,At Intersection,Traffic Signal,Clear,Daylight,Dry,Non-Fatal Injury,Turning Movement,Driver,55 to 59,,,,,Yes,,,,,Yes,,,,,,Forest Hill North
8/22/2006 8:00:00 AM,2004,Major Arterial,North York,43.696445,-79.45079,At Intersection,Stop Sign,Clear,Daylight,Dry,Non-Fatal Injury,Turning Movement,Driver,50 to 54,,,,,Yes,Yes,,,,,,,,,,Briar Hill-Belgravia
8/22/2006 8:00:00 AM,2046,Major Arterial,Scarborough,43.740245,-79.23209,At Intersection,Traffic Signal,Clear,Dark,Dry,Non-Fatal Injury,Pedestrian Collisions,Vehicle Owner,unknown,,,Yes,,Yes,,,,,Yes,,Yes,,,,Eglinton East
8/22/2006 8:00:00 AM,2046,Major Arterial,Scarborough,43.740245,-79.23209,At Intersection,Traffic Signal,Clear,Dark,Dry,Non-Fatal Injury,Pedestrian Collisions,Driver,45 to 49,,,Yes,,Yes,,,,,Yes,,Yes,,,,Eglinton East
8/22/2006 8:00:00 AM,2046,Major Arterial,Scarborough,43.740245,-79.23209,At Intersection,Traffic Signal,Clear,Dark,Dry,Non-Fatal Injury,Pedestrian Collisions,Passenger,40 to 44,,,Yes,,Yes,,,,,Yes,,Yes,,,,Eglinton East
8/22/2006 8:00:00 AM,2046,Major Arterial,Scarborough,43.740245,-79.23209,At Intersection,Traffic Signal,Clear,Dark,Dry,Non-Fatal Injury,Pedestrian Collisions,Driver,40 to 44,,,Yes,,Yes,,,,,Yes,,Yes,,,,Eglinton East
8/22/2006 8:00:00 AM,2046,Major Arterial,Scarborough,43.740245,-79.23209,At Intersection,Traffic Signal,Clear,Dark,Dry,Non-Fatal Injury,Pedestrian Collisions,Driver,20 to 24,,,Yes,,Yes,,,,,Yes,,Yes,,,,Eglinton East
8/22/2006 8:00:00 AM,2046,Major Arterial,Scarborough,43.740245,-79.23209,At Intersection,Traffic Signal,Clear,Dark,Dry,Non-Fatal Injury,Pedestrian Collisions,Driver,35 to 39,,,Yes,,Yes,,,,,Yes,,Yes,,,,Eglinton East
7/28/2006 8:00:00 AM,1610,Collector,Etobicoke York,43.602045,-79.51169,,No Control,Clear,Daylight,Dry,Non-Fatal Injury,Cyclist Collisions,Vehicle Owner,unknown,,,,Yes,Yes,,,,,,,Yes,,,,New Toronto
7/28/2006 8:00:00 AM,1610,Collector,Etobicoke York,43.602045,-79.51169,,No Control,Clear,Daylight,Dry,Non-Fatal Injury,Cyclist Collisions,Driver,55 to 59,,,,Yes,Yes,,,,,,,Yes,,,,New Toronto
7/31/2006 8:00:00 AM,1440,Major Arterial,Toronto and East York,43.651245,-79.47549,,No Control,Clear,Daylight,Dry,Non-Fatal Injury,Pedestrian Collisions,Vehicle Owner,unknown,,,Yes,,Yes,,,,,,,Yes,,,,High Park-Swansea
7/31/2006 8:00:00 AM,1440,Major Arterial,Toronto and East York,43.651245,-79.47549,,No Control,Clear,Daylight,Dry,Non-Fatal Injury,Pedestrian Collisions,Driver,40 to 44,,,Yes,,Yes,,,,,,,Yes,,,,High Park-Swansea
8/23/2006 8:00:00 AM,954,,Toronto and East York,43.633245,-79.42779,,No Control,Clear,Daylight,Dry,Non-Fatal Injury,SMV Other,Passenger,40 to 44,,,,,Yes,,,,,Yes,,Yes,,,,Fort York-Liberty Village
8/23/2006 8:00:00 AM,954,,Toronto and East York,43.633245,-79.42779,,No Control,Clear,Daylight,Dry,Non-Fatal Injury,SMV Other,Vehicle Owner,unknown,,,,,Yes,,,,,Yes,,Yes,,,,Fort York-Liberty Village
8/23/2006 8:00:00 AM,954,,Toronto and East York,43.633245,-79.42779,,No Control,Clear,Daylight,Dry,Non-Fatal Injury,SMV Other,Driver,50 to 54,,,,,Yes,,,,,Yes,,Yes,,,,Fort York-Liberty Village
8/24/2006 8:00:00 AM,2130,Major Arterial,Scarborough,43.831045,-79.27519,At Intersection,Traffic Signal,Clear,Dark,Dry,Non-Fatal Injury,Pedestrian Collisions,Pedestrian,unknown,,,Yes,,Yes,,,,,,,,,,,Milliken
8/3/2006 8:00:00 AM,1831,Major Arterial,North York,43.762045,-79.40829,,Traffic Signal,Clear,Daylight,Dry,Non-Fatal Injury,Pedestrian Collisions,Driver,55 to 59,,,Yes,,Yes,,,,,,,Yes,,,,Avondale
8/3/2006 8:00:00 AM,1831,Major Arterial,North York,43.762045,-79.40829,,Traffic Signal,Clear,Daylight,Dry,Non-Fatal Injury,Pedestrian Collisions,Driver,60 to 64,,,Yes,,Yes,,,,,,,Yes,,,,Avondale
8/3/2006 8:00:00 AM,1831,Major Arterial,North York,43.762045,-79.40829,,Traffic Signal,Clear,Daylight,Dry,Non-Fatal Injury,Pedestrian Collisions,Driver,40 to 44,,,Yes,,Yes,,,,,,,Yes,,,,Avondale
8/1/2006 8:00:00 AM,1838,Local,Etobicoke York,43.730645,-79.57539,At Intersection,No Control,Clear,Daylight,Dry,Non-Fatal Injury,Cyclist Collisions,Driver,70 to 74,,,,Yes,Yes,,,,,,,Yes,,,,Rexdale-Kipling
8/7/2006 8:00:00 AM,2330,Major Arterial,Toronto and East York,43.646145,-79.39179,,No Control,Clear,Dark,Dry,Non-Fatal Injury,Pedestrian Collisions,Driver,unknown,,,Yes,,Yes,,,,,,,Yes,,,,Wellington Place
8/5/2006 8:00:00 AM,330,Major Arterial,Toronto and East York,43.646245,-79.39149,,No Control,Clear,Dark,Dry,Non-Fatal Injury,SMV Unattended Vehicle,Vehicle Owner,unknown,,,,,Yes,,,,,Yes,,Yes,,,,Wellington Place
8/5/2006 8:00:00 AM,330,Major Arterial,Toronto and East York,43.646245,-79.39149,,No Control,Clear,Dark,Dry,Non-Fatal Injury,SMV Unattended Vehicle,Passenger,0 to 4,,,,,Yes,,,,,Yes,,Yes,,,,Wellington Place
8/5/2006 8:00:00 AM,330,Major Arterial,Toronto and East York,43.646245,-79.39149,,No Control,Clear,Dark,Dry,Non-Fatal Injury,SMV Unattended Vehicle,Driver,35 to 39,,,,,Yes,,,,,Yes,,Yes,,,,Wellington Place
8/8/2006 8:00:00 AM,916,Major Arterial,Etobicoke York,43.721145,-79.57119,,No Control,Clear,Daylight,Dry,Non-Fatal Injury,Pedestrian Collisions,Driver,65 to 69,,,Yes,,Yes,,,,,,,,,,,Rexdale-Kipling
8/29/2006 8:00:00 AM,921,Major Arterial,Etobicoke York,43.753345,-79.48849,,No Control,Clear,Daylight,Dry,Non-Fatal Injury,Pedestrian Collisions,Driver,45 to 49,,,Yes,,Yes,,,,,,,,,,,York University Heights
8/10/2006 8:00:00 AM,1826,Major Arterial,North York,43.808945,-79.35899,At Intersection,Stop Sign,Clear,Daylight,Dry,Non-Fatal Injury,Cyclist Collisions,Driver,45 to 49,,,,Yes,Yes,,,,,,,Yes,,,,Hillcrest Village
8/10/2006 8:00:00 AM,1836,Major Arterial,Scarborough,43.731545,-79.22519,,No Control,Clear,Daylight,Dry,Non-Fatal Injury,Cyclist Collisions,Driver,35 to 39,,,,Yes,Yes,,,,,,,,,,,Cliffcrest
8/9/2006 8:00:00 AM,1825,Minor Arterial,Toronto and East York,43.699945,-79.40409,At Intersection,Stop Sign,Clear,Daylight,Dry,Non-Fatal Injury,Angle,Driver,35 to 39,,,,,Yes,,,,,,,Yes,,,,Yonge-Eglinton
8/9/2006 8:00:00 AM,1825,Minor Arterial,Toronto and East York,43.699945,-79.40409,At Intersection,Stop Sign,Clear,Daylight,Dry,Non-Fatal Injury,Angle,Driver,40 to 44,,,,,Yes,,,,,,,Yes,,,,Yonge-Eglinton
8/12/2006 8:00:00 AM,236,Minor Arterial,Toronto and East York,43.665745,-79.38099,At Intersection,Traffic Signal,Clear,Dark,Dry,Non-Fatal Injury,Pedestrian Collisions,Driver,20 to 24,,,Yes,,Yes,,,,,,,,,,,Church-Wellesley
8/15/2006 8:00:00 AM,1550,Major Arterial,Toronto and East York,43.654545,-79.36949,At Intersection,Traffic Signal,Clear,Daylight,Dry,Non-Fatal Injury,Cyclist Collisions,Vehicle Owner,unknown,,,,Yes,,,Yes,,,,,,,,,Moss Park
8/15/2006 8:00:00 AM,1550,Major Arterial,Toronto and East York,43.654545,-79.36949,At Intersection,Traffic Signal,Clear,Daylight,Dry,Non-Fatal Injury,Cyclist Collisions,Truck Driver,40 to 44,,,,Yes,,,Yes,,,,,,,,,Moss Park