DATE,TIME,ROAD_CLASS,DISTRICT,LATITUDE,LONGITUDE,ACCLOC,TRAFFCTL,VISIBILITY,LIGHT,RDSFCOND,ACCLASS,IMPACTYPE,INVTYPE,INVAGE,PEDCOND,CYCCOND,PEDESTRIAN,CYCLIST,AUTOMOBILE,MOTORCYCLE,TRUCK,TRSN_CITY_VEH,EMERG_VEH,PASSENGER,SPEEDING,AG_DRIV,REDLIGHT,ALCOHOL,DISABILITY,NEIGHBOURHOOD_158
9/30/2006 8:00:00 AM,1904,Minor Arterial,North York,43.710745,-79.33119,,Pedestrian Crossover,Rain,Dark,Wet,Non-Fatal Injury,Pedestrian Collisions,Vehicle Owner,unknown,,,Yes,,Yes,,,,,,,Yes,,,,Flemingdon Park
9/30/2006 8:00:00 AM,1904,Minor Arterial,North York,43.710745,-79.33119,,Pedestrian Crossover,Rain,Dark,Wet,Non-Fatal Injury,Pedestrian Collisions,Driver,40 to 44,,,Yes,,Yes,,,,,,,Yes,,,,Flemingdon Park
9/17/2006 8:00:00 AM,1,Major Arterial,Etobicoke York,43.699945,-79.51709,,No Control,Clear,Dark,Dry,Non-Fatal Injury,Pedestrian Collisions,Driver,50 to 54,,,Yes,,Yes,,,,,,,,,,,Weston
9/17/2006 8:00:00 AM,2019,Minor Arterial,Toronto and East York,43.669645,-79.30149,,No Control,Clear,Daylight,Dry,Non-Fatal Injury,Cyclist Collisions,Vehicle Owner,unknown,,,,Yes,Yes,,,,,,,,,,,The Beaches
9/17/2006 8:00:00 AM,2019,Minor Arterial,Toronto and East York,43.669645,-79.30149,,No Control,Clear,Daylight,Dry,Non-Fatal Injury,Cyclist Collisions,Driver,35 to 39,,,,Yes,Yes,,,,,,,,,,,The Beaches
9/17/2006 8:00:00 AM,310,Major Arterial,North York,43.809745,-79.36699,,No Control,"Fog, Mist, Smoke, Dust",Dark,Dry,Non-Fatal Injury,Approaching,Driver,50 to 54,,,,,Yes,,,,,Yes,,,,,,Hillcrest Village
9/17/2006 8:00:00 AM,310,Major Arterial,North York,43.809745,-79.36699,,No Control,"Fog, Mist, Smoke, Dust",Dark,Dry,Non-Fatal Injury,Approaching,Driver,20 to 24,,,,,Yes,,,,,Yes,,,,,,Hillcrest Village
9/19/2006 8:00:00 AM,950,Minor Arterial,Toronto and East York,43.676845,-79.41039,At Intersection,Traffic Signal,Clear,Daylight,Dry,Non-Fatal Injury,Cyclist Collisions,Driver,25 to 29,,,,Yes,Yes,,,,,,,Yes,,,,Casa Loma
10/12/2006 8:00:00 AM,1210,Major Arterial,Etobicoke York,43.620245,-79.48379,,No Control,Clear,Daylight,Dry,Non-Fatal Injury,Pedestrian Collisions,Truck Driver,35 to 39,,,Yes,,,,Yes,,,,,,,,,Humber Bay Shores
9/20/2006 8:00:00 AM,830,Major Arterial,Etobicoke York,43.723145,-79.55889,,Traffic Signal,Clear,Daylight,Dry,Non-Fatal Injury,Angle,Driver,65 to 69,,,,,Yes,,,,,Yes,,Yes,Yes,,,Elms-Old Rexdale
9/20/2006 8:00:00 AM,830,Major Arterial,Etobicoke York,43.723145,-79.55889,,Traffic Signal,Clear,Daylight,Dry,Non-Fatal Injury,Angle,Driver,70 to 74,,,,,Yes,,,,,Yes,,Yes,Yes,,,Elms-Old Rexdale
9/20/2006 8:00:00 AM,830,Major Arterial,Etobicoke York,43.723145,-79.55889,,Traffic Signal,Clear,Daylight,Dry,Non-Fatal Injury,Angle,Passenger,15 to 19,,,,,Yes,,,,,Yes,,Yes,Yes,,,Elms-Old Rexdale
9/20/2006 8:00:00 AM,830,Major Arterial,Etobicoke York,43.723145,-79.55889,,Traffic Signal,Clear,Daylight,Dry,Non-Fatal Injury,Angle,Driver,45 to 49,,,,,Yes,,,,,Yes,,Yes,Yes,,,Elms-Old Rexdale
9/20/2006 8:00:00 AM,830,Major Arterial,Etobicoke York,43.723145,-79.55889,,Traffic Signal,Clear,Daylight,Dry,Non-Fatal Injury,Angle,Other Property Owner,unknown,,,,,Yes,,,,,Yes,,Yes,Yes,,,Elms-Old Rexdale
9/20/2006 8:00:00 AM,1315,Minor Arterial,Toronto and East York,43.658545,-79.45309,,No Control,Clear,Daylight,Dry,Non-Fatal Injury,Pedestrian Collisions,Truck Driver,35 to 39,,,Yes,,Yes,,Yes,,,,,,,,,High Park North
9/20/2006 8:00:00 AM,1315,Minor Arterial,Toronto and East York,43.658545,-79.45309,,No Control,Clear,Daylight,Dry,Non-Fatal Injury,Pedestrian Collisions,Other Property Owner,unknown,,,Yes,,Yes,,Yes,,,,,,,,,High Park North
9/20/2006 8:00:00 AM,1315,Minor Arterial,Toronto and East York,43.658545,-79.45309,,No Control,Clear,Daylight,Dry,Non-Fatal Injury,Pedestrian Collisions,Driver,80 to 84,,,Yes,,Yes,,Yes,,,,,,,,,High Park North
9/22/2006 8:00:00 AM,127,Major Arterial,Toronto and East York,43.676145,-79.35889,,Traffic Signal,Clear,Dark,Wet,Non-Fatal Injury,Cyclist Collisions,Vehicle Owner,unknown,,,,Yes,,,Yes,,,,,,,,,North Riverdale
9/22/2006 8:00:00 AM,127,Major Arterial,Toronto and East York,43.676145,-79.35889,,Traffic Signal,Clear,Dark,Wet,Non-Fatal Injury,Cyclist Collisions,Truck Driver,30 to 34,,,,Yes,,,Yes,,,,,,,,,North Riverdale
9/21/2006 8:00:00 AM,1817,Major Arterial,North York,43.715245,-79.44839,At Intersection,Traffic Signal,Clear,Daylight,Dry,Non-Fatal Injury,Turning Movement,Driver,50 to 54,,,,,Yes,Yes,,,,,,,,,,Yorkdale-Glen Park
9/21/2006 8:00:00 AM,1500,Local,Etobicoke York,43.687145,-79.53389,,No Control,Clear,Daylight,Dry,Non-Fatal Injury,Pedestrian Collisions,Vehicle Owner,unknown,,,Yes,,Yes,,,,,,,,,,,Willowridge-Martingrove-Richview
9/21/2006 8:00:00 AM,1500,Local,Etobicoke York,43.687145,-79.53389,,No Control,Clear,Daylight,Dry,Non-Fatal Injury,Pedestrian Collisions,Driver,35 to 39,,,Yes,,Yes,,,,,,,,,,,Willowridge-Martingrove-Richview
10/11/2006 8:00:00 AM,2255,Major Arterial,Etobicoke York,43.781545,-79.49449,At Intersection,Traffic Signal,Rain,Dark,Wet,Non-Fatal Injury,Pedestrian Collisions,Pedestrian,unknown,,,Yes,,Yes,,,,,,,,,,,York University Heights
9/26/2006 8:00:00 AM,1443,Major Arterial,North York,43.695145,-79.45279,,No Control,Clear,Daylight,Dry,Non-Fatal Injury,Pedestrian Collisions,Driver,50 to 54,,,Yes,,Yes,,,,,,,Yes,,,,Caledonia-Fairbank
9/28/2006 8:00:00 AM,1453,Major Arterial,North York,43.718945,-79.42969,,No Control,Clear,Daylight,Dry,Non-Fatal Injury,Pedestrian Collisions,Driver,55 to 59,,,Yes,,Yes,,,,,,,,,,,Bedford Park-Nortown
9/28/2006 8:00:00 AM,1453,Major Arterial,North York,43.718945,-79.42969,,No Control,Clear,Daylight,Dry,Non-Fatal Injury,Pedestrian Collisions,Other Property Owner,unknown,,,Yes,,Yes,,,,,,,,,,,Bedford Park-Nortown
10/17/2006 8:00:00 AM,2028,Major Arterial,North York,43.730345,-79.46809,At Intersection,Traffic Signal,Rain,Dark,Wet,Non-Fatal Injury,Pedestrian Collisions,Vehicle Owner,unknown,,,Yes,,Yes,,,,,,,,,,,Downsview
10/17/2006 8:00:00 AM,2028,Major Arterial,North York,43.730345,-79.46809,At Intersection,Traffic Signal,Rain,Dark,Wet,Non-Fatal Injury,Pedestrian Collisions,Driver,30 to 34,,,Yes,,Yes,,,,,,,,,,,Downsview
9/29/2006 8:00:00 AM,320,Minor Arterial,Etobicoke York,43.692745,-79.47779,,No Control,Clear,Dark,Dry,Non-Fatal Injury,Approaching,Driver,45 to 49,,,,,Yes,,,,,Yes,,Yes,,Yes,,Beechborough-Greenbrook
9/29/2006 8:00:00 AM,320,Minor Arterial,Etobicoke York,43.692745,-79.47779,,No Control,Clear,Dark,Dry,Non-Fatal Injury,Approaching,Driver,30 to 34,,,,,Yes,,,,,Yes,,Yes,,Yes,,Beechborough-Greenbrook
9/30/2006 8:00:00 AM,1910,Major Arterial,Etobicoke York,43.741945,-79.59419,At Intersection,Traffic Signal,Rain,Daylight,Wet,Non-Fatal Injury,Pedestrian Collisions,Driver,65 to 69,,,Yes,,Yes,,,,,,,,,,,Mount Olive-Silverstone-Jamestown
10/1/2006 8:00:00 AM,1540,Major Arterial,Scarborough,43.732145,-79.27859,,No Control,Clear,Daylight,Dry,Non-Fatal Injury,Rear End,Driver,85 to 89,,,,,Yes,,,,,Yes,,,,,,Ionview
10/1/2006 8:00:00 AM,1540,Major Arterial,Scarborough,43.732145,-79.27859,,No Control,Clear,Daylight,Dry,Non-Fatal Injury,Rear End,Driver,65 to 69,,,,,Yes,,,,,Yes,,,,,,Ionview
10/3/2006 8:00:00 AM,1728,Major Arterial,North York,43.781645,-79.49399,,No Control,Clear,Daylight,Dry,Non-Fatal Injury,Pedestrian Collisions,Driver,60 to 64,,,Yes,,Yes,,,,,,,,,,,York University Heights
10/3/2006 8:00:00 AM,1055,Major Arterial,Etobicoke York,43.741245,-79.58109,,Pedestrian Crossover,Clear,Daylight,Wet,Non-Fatal Injury,Pedestrian Collisions,Driver,55 to 59,,,Yes,,Yes,,,,,,,Yes,,,,Thistletown-Beaumond Heights
10/21/2006 8:00:00 AM,1916,Major Arterial,Toronto and East York,43.690245,-79.29269,At Intersection,Stop Sign,Clear,Dark,Dry,Non-Fatal Injury,Pedestrian Collisions,Passenger,15 to 19,,,Yes,,Yes,,,,,Yes,,,,,,Taylor-Massey
10/21/2006 8:00:00 AM,1916,Major Arterial,Toronto and East York,43.690245,-79.29269,At Intersection,Stop Sign,Clear,Dark,Dry,Non-Fatal Injury,Pedestrian Collisions,Driver,20 to 24,,,Yes,,Yes,,,,,Yes,,,,,,Taylor-Massey
10/6/2006 8:00:00 AM,638,Major Arterial,Etobicoke York,43.708645,-79.47809,At Intersection,Traffic Signal,Clear,Dawn,Dry,Non-Fatal Injury,Turning Movement,Driver,20 to 24,,,,,Yes,,,,,,,Yes,Yes,,,Brookhaven-Amesbury
10/5/2006 8:00:00 AM,1500,Major Arterial,Toronto and East York,43.648845,-79.38559,At Intersection,Traffic Signal,Clear,Daylight,Dry,Non-Fatal Injury,Pedestrian Collisions,Driver,55 to 59,,,Yes,,Yes,,,,,,,,,,,Yonge-Bay Corridor
10/5/2006 8:00:00 AM,1940,Minor Arterial,Toronto and East York,43.660545,-79.34249,At Intersection,Traffic Signal,Clear,Dark,Dry,Non-Fatal Injury,Cyclist Collisions,Driver,35 to 39,,,,Yes,Yes,,,,,Yes,,Yes,Yes,,,South Riverdale
10/5/2006 8:00:00 AM,1940,Minor Arterial,Toronto and East York,43.660545,-79.34249,At Intersection,Traffic Signal,Clear,Dark,Dry,Non-Fatal Injury,Cyclist Collisions,Passenger,35 to 39,,,,Yes,Yes,,,,,Yes,,Yes,Yes,,,South Riverdale
10/5/2006 8:00:00 AM,1940,Minor Arterial,Toronto and East York,43.660545,-79.34249,At Intersection,Traffic Signal,Clear,Dark,Dry,Non-Fatal Injury,Cyclist Collisions,Vehicle Owner,unknown,,,,Yes,Yes,,,,,Yes,,Yes,Yes,,,South Riverdale
10/5/2006 8:00:00 AM,1940,Minor Arterial,Toronto and East York,43.660545,-79.34249,At Intersection,Traffic Signal,Clear,Dark,Dry,Non-Fatal Injury,Cyclist Collisions,Driver,25 to 29,,,,Yes,Yes,,,,,Yes,,Yes,Yes,,,South Riverdale
10/9/2006 8:00:00 AM,1002,Minor Arterial,Toronto and East York,43.661945,-79.36699,At Intersection,Traffic Signal,Clear,Daylight,Dry,Non-Fatal Injury,Cyclist Collisions,Driver,25 to 29,,,,Yes,Yes,,,,,,,,,,,Regent Park
10/9/2006 8:00:00 AM,1912,Major Arterial,North York,43.773745,-79.41399,At Intersection,Traffic Signal,Clear,Dark,Dry,Non-Fatal Injury,Pedestrian Collisions,Driver,60 to 64,,,Yes,,Yes,,,,,,,Yes,Yes,,,Yonge-Doris
10/10/2006 8:00:00 AM,743,Major Arterial,Scarborough,43.747145,-79.24459,At Intersection,Stop Sign,Clear,Daylight,Dry,Non-Fatal Injury,Cyclist Collisions,Driver,50 to 54,,,,Yes,Yes,,,,,,,Yes,,,,Bendale South
10/11/2006 8:00:00 AM,1406,Major Arterial,Toronto and East York,43.655545,-79.39909,,No Control,Rain,Daylight,Wet,Non-Fatal Injury,Pedestrian Collisions,Pedestrian,45 to 49,Had Been Drinking,,Yes,,,,,Yes,,,,,,,,Kensington-Chinatown
10/11/2006 8:00:00 AM,1406,Major Arterial,Toronto and East York,43.655545,-79.39909,,No Control,Rain,Daylight,Wet,Non-Fatal Injury,Pedestrian Collisions,Vehicle Owner,unknown,,,Yes,,,,,Yes,,,,,,,,Kensington-Chinatown
10/11/2006 8:00:00 AM,1406,Major Arterial,Toronto and East York,43.655545,-79.39909,,No Control,Rain,Daylight,Wet,Non-Fatal Injury,Pedestrian Collisions,Driver,30 to 34,,,Yes,,,,,Yes,,,,,,,,Kensington-Chinatown
10/25/2006 8:00:00 AM,1300,Major Arterial,North York,43.727645,-79.34089,,Traffic Signal,Clear,Daylight,Dry,Non-Fatal Injury,Turning Movement,Driver,70 to 74,,,,,Yes,,,,,Yes,,,,,,Banbury-Don Mills
10/25/2006 8:00:00 AM,1300,Major Arterial,North York,43.727645,-79.34089,,Traffic Signal,Clear,Daylight,Dry,Non-Fatal Injury,Turning Movement,Vehicle Owner,unknown,,,,,Yes,,,,,Yes,,,,,,Banbury-Don Mills
10/25/2006 8:00:00 AM,1300,Major Arterial,North York,43.727645,-79.34089,,Traffic Signal,Clear,Daylight,Dry,Non-Fatal Injury,Turning Movement,Driver,30 to 34,,,,,Yes,,,,,Yes,,,,,,Banbury-Don Mills
10/15/2006 8:00:00 AM,1912,Major Arterial,Etobicoke York,43.746645,-79.56669,,No Control,Clear,Dark,Dry,Non-Fatal Injury,Cyclist Collisions,Driver,40 to 44,,,,Yes,Yes,,,,,,,Yes,,,,Humbermede
10/16/2006 8:00:00 AM,745,Minor Arterial,North York,43.788845,-79.40909,,No Control,Clear,Daylight,Dry,Non-Fatal Injury,Pedestrian Collisions,Driver,40 to 44,,,Yes,,Yes,,,,,,,Yes,,,,Newtonbrook East
9/25/2006 8:00:00 AM,805,Major Arterial,Etobicoke York,43.644545,-79.56719,At Intersection,Traffic Signal,Clear,Daylight,Dry,Non-Fatal Injury,Pedestrian Collisions,Driver,45 to 49,,,Yes,,Yes,,,,,,,Yes,,,,Etobicoke West Mall
10/17/2006 8:00:00 AM,1042,Local,Toronto and East York,43.643545,-79.48489,,No Control,Rain,Daylight,Wet,Non-Fatal Injury,SMV Other,Passenger,15 to 19,,,,,Yes,,,,,Yes,,,,,,High Park-Swansea
10/17/2006 8:00:00 AM,1042,Local,Toronto and East York,43.643545,-79.48489,,No Control,Rain,Daylight,Wet,Non-Fatal Injury,SMV Other,Vehicle Owner,unknown,,,,,Yes,,,,,Yes,,,,,,High Park-Swansea
10/17/2006 8:00:00 AM,1042,Local,Toronto and East York,43.643545,-79.48489,,No Control,Rain,Daylight,Wet,Non-Fatal Injury,SMV Other,Driver,15 to 19,,,,,Yes,,,,,Yes,,,,,,High Park-Swansea
10/17/2006 8:00:00 AM,1042,Local,Toronto and East York,43.643545,-79.48489,,No Control,Rain,Daylight,Wet,Non-Fatal Injury,SMV Other,Other Property Owner,unknown,,,,,Yes,,,,,Yes,,,,,,High Park-Swansea
8/20/2006 8:00:00 AM,1543,Major Arterial,Toronto and East York,43.655345,-79.41299,At Intersection,No Control,Clear,Daylight,Dry,Non-Fatal Injury,Cyclist Collisions,Passenger,35 to 39,,,,Yes,Yes,,,,,Yes,,,,,,Trinity-Bellwoods
8/20/2006 8:00:00 AM,1543,Major Arterial,Toronto and East York,43.655345,-79.41299,At Intersection,No Control,Clear,Daylight,Dry,Non-Fatal Injury,Cyclist Collisions,Driver,40 to 44,,,,Yes,Yes,,,,,Yes,,,,,,Trinity-Bellwoods
10/7/2006 8:00:00 AM,850,Major Arterial,Etobicoke York,43.668145,-79.48699,At Intersection,No Control,Clear,Daylight,Dry,Non-Fatal Injury,Rear End,Driver,20 to 24,,,,,Yes,,,,,,,Yes,,,,Rockcliffe-Smythe
10/28/2006 8:00:00 AM,2030,Major Arterial,North York,43.714745,-79.35889,,No Control,Rain,Dark,Wet,Non-Fatal Injury,Pedestrian Collisions,Driver,30 to 34,,,Yes,,Yes,,,,,,,,,,,Thorncliffe Park
10/6/2006 8:00:00 AM,1830,Minor Arterial,Toronto and East York,43.686545,-79.441592,At Intersection,Traffic Signal,Clear,"Dusk, artificial",Dry,Non-Fatal Injury,Cyclist Collisions,Driver,75 to 79,,,,Yes,Yes,,,,,,,,,,,Oakwood Village
10/26/2006 8:00:00 AM,225,Major Arterial,Toronto and East York,43.654545,-79.36949,At Intersection,Traffic Signal,Clear,Dark,Dry,Non-Fatal Injury,Pedestrian Collisions,Driver,40 to 44,,,Yes,,Yes,,,,,,,,,,,Moss Park
10/30/2006 10:00:00 AM,1320,Major Arterial,Scarborough,43.783245,-79.28829,At Intersection,Traffic Signal,Clear,Daylight,Dry,Non-Fatal Injury,Pedestrian Collisions,Vehicle Owner,unknown,,,Yes,,Yes,,,,,,,Yes,,,,Tam O'Shanter-Sullivan
10/30/2006 10:00:00 AM,1320,Major Arterial,Scarborough,43.783245,-79.28829,At Intersection,Traffic Signal,Clear,Daylight,Dry,Non-Fatal Injury,Pedestrian Collisions,Driver,45 to 49,,,Yes,,Yes,,,,,,,Yes,,,,Tam O'Shanter-Sullivan
10/29/2006 9:00:00 AM,228,Major Arterial,Toronto and East York,43.651245,-79.38499,At Intersection,Traffic Signal,Rain,Dark,Wet,Non-Fatal Injury,Pedestrian Collisions,Driver,unknown,,,Yes,,Yes,,,,,,,Yes,Yes,,,Yonge-Bay Corridor
10/27/2006 8:00:00 AM,2330,Major Arterial,North York,43.699345,-79.37279,,No Control,Rain,Dark,Wet,Non-Fatal Injury,SMV Other,Passenger,30 to 34,,,,,Yes,,,,,Yes,Yes,Yes,,,,Mount Pleasant East
10/27/2006 8:00:00 AM,2330,Major Arterial,North York,43.699345,-79.37279,,No Control,Rain,Dark,Wet,Non-Fatal Injury,SMV Other,Passenger,15 to 19,,,,,Yes,,,,,Yes,Yes,Yes,,,,Mount Pleasant East
10/27/2006 8:00:00 AM,2330,Major Arterial,North York,43.699345,-79.37279,,No Control,Rain,Dark,Wet,Non-Fatal Injury,SMV Other,Driver,25 to 29,,,,,Yes,,,,,Yes,Yes,Yes,,,,Mount Pleasant East
10/27/2006 8:00:00 AM,2330,Major Arterial,North York,43.699345,-79.37279,,No Control,Rain,Dark,Wet,Non-Fatal Injury,SMV Other,Other Property Owner,unknown,,,,,Yes,,,,,Yes,Yes,Yes,,,,Mount Pleasant East
11/3/2006 10:00:00 AM,1053,Major Arterial,North York,43.811945,-79.35749,,Traffic Signal,Clear,Daylight,Dry,Non-Fatal Injury,Pedestrian Collisions,Driver,50 to 54,,,Yes,,Yes,,,,,,,,,,,NSA
11/3/2006 10:00:00 AM,1053,Major Arterial,North York,43.811945,-79.35749,,Traffic Signal,Clear,Daylight,Dry,Non-Fatal Injury,Pedestrian Collisions,Driver,40 to 44,,,Yes,,Yes,,,,,,,,,,,NSA
11/3/2006 10:00:00 AM,830,,Etobicoke York,43.620645,-79.51199,,,Other,Daylight,Other,Non-Fatal Injury,Other,Driver,25 to 29,,,,,Yes,,,,,,,,,,,Mimico-Queensway
11/3/2006 10:00:00 AM,830,,Etobicoke York,43.620645,-79.51199,,,Other,Daylight,Other,Non-Fatal Injury,Other,Driver,40 to 44,,,,,Yes,,,,,,,,,,,Mimico-Queensway
10/12/2006 8:00:00 AM,1500,Major Arterial,Etobicoke York,43.686845,-79.51309,,Traffic Signal,Clear,Daylight,Dry,Non-Fatal Injury,Rear End,Truck Driver,35 to 39,,,,,Yes,,Yes,,,,,Yes,,Yes,,Humber Heights-Westmount
10/12/2006 8:00:00 AM,1500,Major Arterial,Etobicoke York,43.686845,-79.51309,,Traffic Signal,Clear,Daylight,Dry,Non-Fatal Injury,Rear End,Driver,25 to 29,,,,,Yes,,Yes,,,,,Yes,,Yes,,Humber Heights-Westmount
10/4/2006 8:00:00 AM,1500,Major Arterial,Etobicoke York,43.682145,-79.47159,At Intersection,Traffic Signal,Clear,Daylight,Dry,Non-Fatal Injury,Pedestrian Collisions,Driver,15 to 19,,,Yes,,Yes,,,,,,,Yes,Yes,,,Keelesdale-Eglinton West
11/7/2006 10:00:00 AM,1916,Major Arterial,North York,43.723045,-79.43069,At Intersection,Traffic Signal,Rain,Dark,Wet,Non-Fatal Injury,Pedestrian Collisions,Vehicle Owner,unknown,,,Yes,,Yes,,,,,,,,,,,Englemount-Lawrence
11/7/2006 10:00:00 AM,1916,Major Arterial,North York,43.723045,-79.43069,At Intersection,Traffic Signal,Rain,Dark,Wet,Non-Fatal Injury,Pedestrian Collisions,Driver,55 to 59,,,Yes,,Yes,,,,,,,,,,,Englemount-Lawrence
10/10/2006 8:00:00 AM,1256,Major Arterial,Etobicoke York,43.734645,-79.60099,At Intersection,Traffic Signal,Clear,Daylight,Dry,Non-Fatal Injury,Angle,Driver,45 to 49,,,,,Yes,,,,,,,Yes,Yes,,,West Humber-Clairville
10/13/2006 8:00:00 AM,2325,Major Arterial,Toronto and East York,43.650445,-79.37849,At Intersection,Traffic Signal,Clear,Dark,Dry,Non-Fatal Injury,Cyclist Collisions,Vehicle Owner,unknown,,,,Yes,Yes,,,,,,,Yes,,,,Yonge-Bay Corridor
10/13/2006 8:00:00 AM,2325,Major Arterial,Toronto and East York,43.650445,-79.37849,At Intersection,Traffic Signal,Clear,Dark,Dry,Non-Fatal Injury,Cyclist Collisions,Driver,45 to 49,,,,Yes,Yes,,,,,,,Yes,,,,Yonge-Bay Corridor
10/13/2006 8:00:00 AM,2325,Major Arterial,Toronto and East York,43.650445,-79.37849,At Intersection,Traffic Signal,Clear,Dark,Dry,Non-Fatal Injury,Cyclist Collisions,Driver,20 to 24,,,,Yes,Yes,,,,,,,Yes,,,,Yonge-Bay Corridor
10/13/2006 8:00:00 AM,2325,Major Arterial,Toronto and East York,43.650445,-79.37849,At Intersection,Traffic Signal,Clear,Dark,Dry,Non-Fatal Injury,Cyclist Collisions,Other Property Owner,unknown,,,,Yes,Yes,,,,,,,Yes,,,,Yonge-Bay Corridor
10/18/2006 8:00:00 AM,637,Major Arterial,Scarborough,43.774545,-79.25219,At Intersection,Traffic Signal,Clear,Dawn,Dry,Non-Fatal Injury,Pedestrian Collisions,Vehicle Owner,unknown,,,Yes,,Yes,,,,,,,Yes,,,,Woburn North
10/18/2006 8:00:00 AM,637,Major Arterial,Scarborough,43.774545,-79.25219,At Intersection,Traffic Signal,Clear,Dawn,Dry,Non-Fatal Injury,Pedestrian Collisions,Driver,20 to 24,,,Yes,,Yes,,,,,,,Yes,,,,Woburn North
10/18/2006 8:00:00 AM,637,Major Arterial,Scarborough,43.774545,-79.25219,At Intersection,Traffic Signal,Clear,Dawn,Dry,Non-Fatal Injury,Pedestrian Collisions,Driver,25 to 29,,,Yes,,Yes,,,,,,,Yes,,,,Woburn North
10/2/2006 8:00:00 AM,2308,Local,Scarborough,43.760945,-79.28099,,No Control,Clear,Dark,Dry,Non-Fatal Injury,Pedestrian Collisions,Vehicle Owner,unknown,,,Yes,,Yes,,,,,,,,,,,Dorset Park
10/2/2006 8:00:00 AM,2308,Local,Scarborough,43.760945,-79.28099,,No Control,Clear,Dark,Dry,Non-Fatal Injury,Pedestrian Collisions,Driver,30 to 34,,,Yes,,Yes,,,,,,,,,,,Dorset Park
11/10/2006 10:00:00 AM,1906,Minor Arterial,Etobicoke York,43.682345,-79.46549,At Intersection,Stop Sign,Clear,Dark,Dry,Non-Fatal Injury,Pedestrian Collisions,Driver,75 to 79,,,Yes,,Yes,,,,,,,,,,,Keelesdale-Eglinton West
11/12/2006 10:00:00 AM,318,Major Arterial,North York,43.745045,-79.39829,,No Control,Clear,Dark,Dry,Non-Fatal Injury,SMV Unattended Vehicle,Passenger,45 to 49,,,,,Yes,,,,,Yes,,,,,,Bridle Path-Sunnybrook-York Mills
11/12/2006 10:00:00 AM,318,Major Arterial,North York,43.745045,-79.39829,,No Control,Clear,Dark,Dry,Non-Fatal Injury,SMV Unattended Vehicle,Vehicle Owner,unknown,,,,,Yes,,,,,Yes,,,,,,Bridle Path-Sunnybrook-York Mills
11/12/2006 10:00:00 AM,318,Major Arterial,North York,43.745045,-79.39829,,No Control,Clear,Dark,Dry,Non-Fatal Injury,SMV Unattended Vehicle,Driver,15 to 19,,,,,Yes,,,,,Yes,,,,,,Bridle Path-Sunnybrook-York Mills
11/12/2006 10:00:00 AM,2000,Major Arterial,Scarborough,43.743845,-79.30179,,No Control,Clear,Dark,Dry,Non-Fatal Injury,Pedestrian Collisions,Driver,50 to 54,,,Yes,,Yes,,,,,,,,,,,Wexford/Maryvale
8/21/2006 8:00:00 AM,1315,Local,North York,43.728345,-79.43379,At Intersection,Stop Sign,Clear,Daylight,Dry,Non-Fatal Injury,Pedestrian Collisions,Driver,15 to 19,,,Yes,,Yes,,,,,,,Yes,,,,Englemount-Lawrence
10/27/2006 8:00:00 AM,2215,Major Arterial,Toronto and East York,43.652245,-79.37639,,No Control,Rain,Dark,Wet,Non-Fatal Injury,Pedestrian Collisions,Vehicle Owner,unknown,,,Yes,,Yes,,,,,,,,,,,Downtown Yonge East
10/27/2006 8:00:00 AM,2215,Major Arterial,Toronto and East York,43.652245,-79.37639,,No Control,Rain,Dark,Wet,Non-Fatal Injury,Pedestrian Collisions,Driver,45 to 49,,,Yes,,Yes,,,,,,,,,,,Downtown Yonge East
10/28/2006 8:00:00 AM,2241,Major Arterial,Etobicoke York,43.734645,-79.60099,At Intersection,Traffic Signal,Rain,Dark,Wet,Non-Fatal Injury,Pedestrian Collisions,Vehicle Owner,unknown,,,Yes,,Yes,,,,,,,,,,,West Humber-Clairville
10/28/2006 8:00:00 AM,2241,Major Arterial,Etobicoke York,43.734645,-79.60099,At Intersection,Traffic Signal,Rain,Dark,Wet,Non-Fatal Injury,Pedestrian Collisions,Driver,45 to 49,,,Yes,,Yes,,,,,,,,,,,West Humber-Clairville
11/17/2006 10:00:00 AM,203,Major Arterial,Scarborough,43.732145,-79.26789,At Intersection,Traffic Signal,Rain,Dark,Wet,Non-Fatal Injury,Pedestrian Collisions,Driver,20 to 24,,,Yes,,Yes,,,,,,,,,,,Kennedy Park
11/21/2006 10:00:00 AM,225,,Toronto and East York,43.634745,-79.47199,,No Control,Clear,Dark,Dry,Non-Fatal Injury,SMV Other,Driver,35 to 39,,,,,Yes,,,,,Yes,Yes,Yes,,,,High Park-Swansea
11/21/2006 10:00:00 AM,1315,Collector,Scarborough,43.811645,-79.15649,,No Control,Clear,Daylight,Dry,Non-Fatal Injury,SMV Other,Passenger,70 to 74,,,,,Yes,,,,,Yes,,,,,,Morningside Heights
11/21/2006 10:00:00 AM,1315,Collector,Scarborough,43.811645,-79.15649,,No Control,Clear,Daylight,Dry,Non-Fatal Injury,SMV Other,Driver,80 to 84,,,,,Yes,,,,,Yes,,,,,,Morningside Heights
10/4/2006 8:00:00 AM,1250,Major Arterial,Scarborough,43.792145,-79.31389,At Intersection,Traffic Signal,Rain,Daylight,Wet,Non-Fatal Injury,Pedestrian Collisions,Driver,65 to 69,,,Yes,,Yes,,,,,,,,,,Yes,L'Amoreaux West
10/4/2006 8:00:00 AM,1250,Major Arterial,Scarborough,43.792145,-79.31389,At Intersection,Traffic Signal,Rain,Daylight,Wet,Non-Fatal Injury,Pedestrian Collisions,Other Property Owner,unknown,,,Yes,,Yes,,,,,,,,,,Yes,L'Amoreaux West