DATE,TIME,ROAD_CLASS,DISTRICT,LATITUDE,LONGITUDE,ACCLOC,TRAFFCTL,VISIBILITY,LIGHT,RDSFCOND,ACCLASS,IMPACTYPE,INVTYPE,INVAGE,PEDCOND,CYCCOND,PEDESTRIAN,CYCLIST,AUTOMOBILE,MOTORCYCLE,TRUCK,TRSN_CITY_VEH,EMERG_VEH,PASSENGER,SPEEDING,AG_DRIV,REDLIGHT,ALCOHOL,DISABILITY,NEIGHBOURHOOD_158
11/17/2007 10:00:00 AM,1650,Local,Toronto and East York,43.648745,-79.37199,At Intersection,No Control,Clear,Dusk,Dry,Non-Fatal Injury,Pedestrian Collisions,Pedestrian,75 to 79,Normal,,Yes,Yes,,,,,,,,,,,,St Lawrence-East Bayfront-The Islands
11/30/2007 10:00:00 AM,1814,Major Arterial,North York,43.744045,-79.34529,,No Control,Clear,Dark,Dry,Non-Fatal Injury,Rear End,Driver,50 to 54,,,,,Yes,,,,,Yes,Yes,Yes,,Yes,,Banbury-Don Mills
11/30/2007 10:00:00 AM,1814,Major Arterial,North York,43.744045,-79.34529,,No Control,Clear,Dark,Dry,Non-Fatal Injury,Rear End,Passenger,unknown,,,,,Yes,,,,,Yes,Yes,Yes,,Yes,,Banbury-Don Mills
11/30/2007 10:00:00 AM,1814,Major Arterial,North York,43.744045,-79.34529,,No Control,Clear,Dark,Dry,Non-Fatal Injury,Rear End,Vehicle Owner,unknown,,,,,Yes,,,,,Yes,Yes,Yes,,Yes,,Banbury-Don Mills
11/29/2007 10:00:00 AM,2357,Minor Arterial,Toronto and East York,43.661945,-79.36699,At Intersection,Traffic Signal,Clear,Dark,Dry,Non-Fatal Injury,Pedestrian Collisions,Driver,unknown,,,Yes,,Yes,,,,,,,,,,,Regent Park
11/22/2007 10:00:00 AM,2209,Major Arterial,Etobicoke York,43.746845,-79.58379,At Intersection,Traffic Controller,Clear,Dark,Other,Non-Fatal Injury,Turning Movement,Driver,25 to 29,,,,,Yes,,Yes,,,,,Yes,,,,Mount Olive-Silverstone-Jamestown
11/23/2007 10:00:00 AM,1700,Major Arterial,Scarborough,43.743845,-79.30179,,No Control,Clear,Dusk,Dry,Non-Fatal Injury,Pedestrian Collisions,Driver,45 to 49,,,Yes,,Yes,,,,,,Yes,Yes,,,,Wexford/Maryvale
11/23/2007 10:00:00 AM,830,Local,Etobicoke York,43.610545,-79.53779,At Intersection,Stop Sign,Snow,Daylight,Ice,Non-Fatal Injury,Angle,Passenger,55 to 59,,,,,Yes,,,Yes,,Yes,,Yes,,,,Alderwood
11/23/2007 10:00:00 AM,830,Local,Etobicoke York,43.610545,-79.53779,At Intersection,Stop Sign,Snow,Daylight,Ice,Non-Fatal Injury,Angle,Vehicle Owner,unknown,,,,,Yes,,,Yes,,Yes,,Yes,,,,Alderwood
11/14/2007 10:00:00 AM,1825,Major Arterial,Toronto and East York,43.640945,-79.41719,At Intersection,Traffic Signal,Clear,Dark,Dry,Non-Fatal Injury,Cyclist Collisions,Driver,75 to 79,,,,Yes,Yes,,,,,,,,,,,West Queen West
12/4/2007 10:00:00 AM,730,Major Arterial,Etobicoke York,43.624645,-79.51519,At Intersection,Stop Sign,Strong wind,Daylight,Wet,Non-Fatal Injury,Pedestrian Collisions,Vehicle Owner,unknown,,,Yes,,Yes,,,,,,,,,,,Stonegate-Queensway
12/4/2007 10:00:00 AM,730,Major Arterial,Etobicoke York,43.624645,-79.51519,At Intersection,Stop Sign,Strong wind,Daylight,Wet,Non-Fatal Injury,Pedestrian Collisions,Driver,50 to 54,,,Yes,,Yes,,,,,,,,,,,Stonegate-Queensway
11/24/2007 10:00:00 AM,2352,Major Arterial,Toronto and East York,43.674145,-79.46039,,No Control,Clear,Dark,Wet,Non-Fatal Injury,Pedestrian Collisions,Driver,70 to 74,,,Yes,,Yes,,,,,,,,,,,Weston-Pelham Park
11/19/2007 10:00:00 AM,1937,Major Arterial,Toronto and East York,43.674745,-79.39289,At Intersection,Traffic Signal,Rain,Dark,Wet,Non-Fatal Injury,Pedestrian Collisions,Driver,25 to 29,,,Yes,,Yes,,,,,,,Yes,,,,Annex
11/21/2007 10:00:00 AM,1100,Major Arterial,Toronto and East York,43.643845,-79.40329,,No Control,Rain,Daylight,Wet,Non-Fatal Injury,Cyclist Collisions,Vehicle Owner,unknown,,,,Yes,Yes,,,,,,,,,,,West Queen West
11/21/2007 10:00:00 AM,1100,Major Arterial,Toronto and East York,43.643845,-79.40329,,No Control,Rain,Daylight,Wet,Non-Fatal Injury,Cyclist Collisions,Driver,45 to 49,,,,Yes,Yes,,,,,,,,,,,West Queen West
12/6/2007 10:00:00 AM,1755,Minor Arterial,Toronto and East York,43.649645,-79.45039,At Intersection,No Control,Clear,Dark,Dry,Non-Fatal Injury,Pedestrian Collisions,Driver,unknown,,,Yes,,Yes,,,,,,,Yes,,,,High Park-Swansea
12/10/2007 10:00:00 AM,1806,Minor Arterial,Etobicoke York,43.752245,-79.59929,,No Control,Clear,Dark,Wet,Non-Fatal Injury,Pedestrian Collisions,Driver,35 to 39,,,Yes,,Yes,,,,,,,,,,,West Humber-Clairville
11/29/2007 10:00:00 AM,1742,Minor Arterial,Scarborough,43.720845,-79.24149,At Intersection,Traffic Signal,Clear,Dark,Dry,Non-Fatal Injury,Pedestrian Collisions,Driver,60 to 64,,,Yes,,Yes,,,,,,,Yes,,,,Cliffcrest
11/28/2007 10:00:00 AM,805,Minor Arterial,Toronto and East York,43.688945,-79.43939,,No Control,Clear,Daylight,Ice,Non-Fatal Injury,Pedestrian Collisions,Driver,75 to 79,,,Yes,,Yes,,,,,,,,,,,Oakwood Village
12/3/2007 10:00:00 AM,1250,Major Arterial,North York,43.807645,-79.35749,,No Control,Clear,Daylight,Wet,Non-Fatal Injury,Rear End,Passenger,85 to 89,,,,,Yes,,,,,Yes,,Yes,,,,Hillcrest Village
12/3/2007 10:00:00 AM,1250,Major Arterial,North York,43.807645,-79.35749,,No Control,Clear,Daylight,Wet,Non-Fatal Injury,Rear End,Driver,35 to 39,,,,,Yes,,,,,Yes,,Yes,,,,Hillcrest Village
11/7/2007 10:00:00 AM,1130,Major Arterial,North York,43.700045,-79.42989,,No Control,Clear,Daylight,Dry,Non-Fatal Injury,Pedestrian Collisions,Vehicle Owner,unknown,,,Yes,,Yes,,,,,,,,,,,Humewood-Cedarvale
11/7/2007 10:00:00 AM,1130,Major Arterial,North York,43.700045,-79.42989,,No Control,Clear,Daylight,Dry,Non-Fatal Injury,Pedestrian Collisions,Driver,35 to 39,,,Yes,,Yes,,,,,,,,,,,Humewood-Cedarvale
11/15/2007 10:00:00 AM,724,Major Arterial,Etobicoke York,43.594345,-79.53399,At Intersection,Traffic Signal,Clear,Daylight,Dry,Non-Fatal Injury,Pedestrian Collisions,Vehicle Owner,unknown,,,Yes,,Yes,,,,,,,,,,,Long Branch
11/15/2007 10:00:00 AM,724,Major Arterial,Etobicoke York,43.594345,-79.53399,At Intersection,Traffic Signal,Clear,Daylight,Dry,Non-Fatal Injury,Pedestrian Collisions,Driver,40 to 44,,,Yes,,Yes,,,,,,,,,,,Long Branch
11/17/2007 10:00:00 AM,205,Local,Scarborough,43.787645,-79.17039,,No Control,Clear,Dark,Dry,Non-Fatal Injury,Pedestrian Collisions,Driver,30 to 34,,,Yes,,Yes,,,,,,,,,,,Highland Creek
11/17/2007 10:00:00 AM,205,Local,Scarborough,43.787645,-79.17039,,No Control,Clear,Dark,Dry,Non-Fatal Injury,Pedestrian Collisions,Driver,unknown,,,Yes,,Yes,,,,,,,,,,,Highland Creek
11/21/2007 10:00:00 AM,1925,Minor Arterial,Toronto and East York,43.673745,-79.31969,,No Control,Rain,Dark,Wet,Non-Fatal Injury,Pedestrian Collisions,Driver,50 to 54,,,Yes,,Yes,,,,,,,,,,,Greenwood-Coxwell
12/12/2007 10:00:00 AM,1247,Major Arterial,Etobicoke York,43.671145,-79.47359,,No Control,Clear,Daylight,Dry,Non-Fatal Injury,SMV Unattended Vehicle,Vehicle Owner,unknown,,,,,Yes,,,,,,,,,,,Junction Area
12/16/2007 10:00:00 AM,58,,North York,43.743645,-79.33259,,No Control,Snow,Dark,Loose Snow,Non-Fatal Injury,SMV Other,Driver,40 to 44,,,,,Yes,,,,,,,,,,,Parkwoods-O'Connor Hills
12/16/2007 10:00:00 AM,58,,North York,43.743645,-79.33259,,No Control,Snow,Dark,Loose Snow,Non-Fatal Injury,SMV Other,Driver,20 to 24,,,,,Yes,,,,,,,,,,,Parkwoods-O'Connor Hills
12/11/2007 10:00:00 AM,630,Major Arterial,Etobicoke York,43.683145,-79.54049,At Intersection,Traffic Signal,Clear,Dark,Wet,Non-Fatal Injury,Pedestrian Collisions,Driver,55 to 59,,,Yes,,Yes,,,,,,,Yes,,,,Willowridge-Martingrove-Richview
11/28/2007 10:00:00 AM,845,Major Arterial,Etobicoke York,43.667445,-79.49059,,No Control,Clear,Daylight,Dry,Non-Fatal Injury,Pedestrian Collisions,Driver,50 to 54,,,Yes,,Yes,,,,,,,,,,,Rockcliffe-Smythe
11/29/2007 10:00:00 AM,144,Major Arterial,Toronto and East York,43.652345,-79.38239,At Intersection,No Control,Rain,Dark,Wet,Non-Fatal Injury,SMV Other,Driver,20 to 24,,,,,Yes,,,,,Yes,Yes,Yes,,,,Yonge-Bay Corridor
12/2/2007 10:00:00 AM,258,Major Arterial,Toronto and East York,43.674345,-79.39819,,No Control,Snow,Dark,Packed Snow,Non-Fatal Injury,Pedestrian Collisions,Driver,35 to 39,,,Yes,,Yes,,,,,,Yes,Yes,,Yes,,Annex
12/2/2007 10:00:00 AM,258,Major Arterial,Toronto and East York,43.674345,-79.39819,,No Control,Snow,Dark,Packed Snow,Non-Fatal Injury,Pedestrian Collisions,Other Property Owner,unknown,,,Yes,,Yes,,,,,,Yes,Yes,,Yes,,Annex
12/4/2007 10:00:00 AM,1250,Major Arterial,Toronto and East York,43.672845,-79.38789,At Intersection,Traffic Signal,Clear,Daylight,Dry,Non-Fatal Injury,Pedestrian Collisions,Vehicle Owner,unknown,,,Yes,,,,Yes,,,,,,,,,Annex
12/4/2007 10:00:00 AM,1250,Major Arterial,Toronto and East York,43.672845,-79.38789,At Intersection,Traffic Signal,Clear,Daylight,Dry,Non-Fatal Injury,Pedestrian Collisions,Truck Driver,35 to 39,,,Yes,,,,Yes,,,,,,,,,Annex
6/1/2020 8:00:00 AM,1857,Major Arterial,Scarborough,43.791255,-79.313541,Non Intersection,No Control,Clear,Daylight,Dry,Non-Fatal Injury,SMV Other,Passenger,15 to 19,,,,,Yes,,,,,Yes,,,,,,L'Amoreaux West
6/1/2020 8:00:00 AM,1857,Major Arterial,Scarborough,43.791255,-79.313541,Non Intersection,No Control,Clear,Daylight,Dry,Non-Fatal Injury,SMV Other,Passenger,20 to 24,,,,,Yes,,,,,Yes,,,,,,L'Amoreaux West
12/23/2007 10:00:00 AM,135,Major Arterial,Toronto and East York,43.690345,-79.29209,,Traffic Signal,Clear,Dark,Wet,Non-Fatal Injury,Pedestrian Collisions,Pedestrian,unknown,,,Yes,,Yes,,,,,,,,,,,Taylor-Massey
12/23/2007 10:00:00 AM,1905,Major Arterial,Toronto and East York,43.662945,-79.37689,,No Control,Clear,Dark,Dry,Non-Fatal Injury,Pedestrian Collisions,Driver,15 to 19,,,Yes,,Yes,,,,,,,,,,,Cabbagetown-South St.James Town
12/14/2007 10:00:00 AM,2057,Major Arterial,Toronto and East York,43.641045,-79.43449,At Intersection,Traffic Signal,Clear,Dark,Dry,Non-Fatal Injury,Pedestrian Collisions,Driver,65 to 69,,,Yes,,Yes,,,,,,,,,,,Roncesvalles
12/27/2007 10:00:00 AM,904,Major Arterial,Scarborough,43.759045,-79.22839,,Traffic Signal,Clear,Daylight,Dry,Non-Fatal Injury,Pedestrian Collisions,Pedestrian,80 to 84,,,Yes,,Yes,,,,,,,,,,,Golfdale-Cedarbrae-Woburn
12/17/2007 10:00:00 AM,1232,Major Arterial,Etobicoke York,43.692845,-79.57149,,Traffic Signal,Clear,Daylight,Wet,Non-Fatal Injury,Angle,Driver,35 to 39,,,,,Yes,,,,,Yes,,Yes,Yes,,,West Humber-Clairville
12/17/2007 10:00:00 AM,1232,Major Arterial,Etobicoke York,43.692845,-79.57149,,Traffic Signal,Clear,Daylight,Wet,Non-Fatal Injury,Angle,Driver,45 to 49,,,,,Yes,,,,,Yes,,Yes,Yes,,,West Humber-Clairville
11/25/2007 10:00:00 AM,2045,Minor Arterial,Toronto and East York,43.643245,-79.39199,,No Control,Clear,Dark,Dry,Non-Fatal Injury,Pedestrian Collisions,Driver,55 to 59,,,Yes,,Yes,,,,,,,,,,,Harbourfront-CityPlace
12/16/2007 10:00:00 AM,1800,Major Arterial,Etobicoke York,43.699745,-79.547989,,Stop Sign,Snow,Dark,Packed Snow,Non-Fatal Injury,Turning Movement,Driver,25 to 29,,,,,Yes,,,,,,,,,,,Kingsview Village-The Westway
12/16/2007 10:00:00 AM,1800,Major Arterial,Etobicoke York,43.699745,-79.547989,,Stop Sign,Snow,Dark,Packed Snow,Non-Fatal Injury,Turning Movement,Driver,30 to 34,,,,,Yes,,,,,,,,,,,Kingsview Village-The Westway
12/16/2007 10:00:00 AM,1222,Major Arterial,Etobicoke York,43.737045,-79.59059,,No Control,Snow,Daylight,Packed Snow,Non-Fatal Injury,Approaching,Driver,25 to 29,,,,,Yes,,,,,,,,,,,Mount Olive-Silverstone-Jamestown
12/28/2007 10:00:00 AM,1455,Major Arterial,Etobicoke York,43.675945,-79.47039,,Traffic Signal,Clear,Daylight,Dry,Non-Fatal Injury,SMV Other,Passenger,35 to 39,,,,,Yes,,,,,Yes,Yes,Yes,,,,Junction Area
12/28/2007 10:00:00 AM,1455,Major Arterial,Etobicoke York,43.675945,-79.47039,,Traffic Signal,Clear,Daylight,Dry,Non-Fatal Injury,SMV Other,Driver,25 to 29,,,,,Yes,,,,,Yes,Yes,Yes,,,,Junction Area
12/10/2007 10:00:00 AM,1700,Collector,Etobicoke York,43.705945,-79.48749,,No Control,Clear,Dark,Wet,Non-Fatal Injury,Approaching,Vehicle Owner,unknown,,,,,Yes,,,,,,,Yes,,,,Brookhaven-Amesbury
12/10/2007 10:00:00 AM,1700,Collector,Etobicoke York,43.705945,-79.48749,,No Control,Clear,Dark,Wet,Non-Fatal Injury,Approaching,Driver,35 to 39,,,,,Yes,,,,,,,Yes,,,,Brookhaven-Amesbury
12/13/2007 10:00:00 AM,935,Major Arterial,Toronto and East York,43.709345,-79.29619,,No Control,Clear,Daylight,Wet,Non-Fatal Injury,Pedestrian Collisions,Driver,45 to 49,,,Yes,,Yes,,,,,,,,,,,Clairlea-Birchmount
12/20/2007 10:00:00 AM,455,Major Arterial,Toronto and East York,43.644545,-79.38219,,No Control,Clear,Dark,Dry,Non-Fatal Injury,Pedestrian Collisions,Driver,40 to 44,,,Yes,,Yes,,,,,,,,,,,Harbourfront-CityPlace
12/21/2007 10:00:00 AM,525,Major Arterial,North York,43.732445,-79.45729,,No Control,Clear,Dark,Dry,Non-Fatal Injury,Turning Movement,Driver,20 to 24,,,,,Yes,,Yes,,,Yes,,,,,,Downsview
12/21/2007 10:00:00 AM,525,Major Arterial,North York,43.732445,-79.45729,,No Control,Clear,Dark,Dry,Non-Fatal Injury,Turning Movement,Other,unknown,,,,,Yes,,Yes,,,Yes,,,,,,Downsview
12/21/2007 10:00:00 AM,525,Major Arterial,North York,43.732445,-79.45729,,No Control,Clear,Dark,Dry,Non-Fatal Injury,Turning Movement,Other Property Owner,unknown,,,,,Yes,,Yes,,,Yes,,,,,,Downsview
12/21/2007 10:00:00 AM,525,Major Arterial,North York,43.732445,-79.45729,,No Control,Clear,Dark,Dry,Non-Fatal Injury,Turning Movement,Vehicle Owner,unknown,,,,,Yes,,Yes,,,Yes,,,,,,Downsview
12/21/2007 10:00:00 AM,525,Major Arterial,North York,43.732445,-79.45729,,No Control,Clear,Dark,Dry,Non-Fatal Injury,Turning Movement,Truck Driver,60 to 64,,,,,Yes,,Yes,,,Yes,,,,,,Downsview
12/29/2007 10:00:00 AM,2158,Major Arterial,Toronto and East York,43.686145,-79.31069,,No Control,Clear,Dark,Dry,Non-Fatal Injury,Pedestrian Collisions,Pedestrian,unknown,,,Yes,,Yes,,,,,,,,,,,East End-Danforth
1/11/2008 10:00:00 AM,820,Local,Etobicoke York,43.722345,-79.51489,At Intersection,Stop Sign,Clear,Daylight,Wet,Non-Fatal Injury,Pedestrian Collisions,Driver,65 to 69,,,Yes,,Yes,,,,,,,Yes,,,,Oakdale-Beverley Heights
12/27/2007 10:00:00 AM,3,Major Arterial,North York,43.728845,-79.30439,,No Control,Clear,Dark,Dry,Non-Fatal Injury,Turning Movement,Driver,25 to 29,,,,,Yes,,,,,Yes,,,,,,Victoria Village
12/27/2007 10:00:00 AM,3,Major Arterial,North York,43.728845,-79.30439,,No Control,Clear,Dark,Dry,Non-Fatal Injury,Turning Movement,Passenger,20 to 24,,,,,Yes,,,,,Yes,,,,,,Victoria Village
12/27/2007 10:00:00 AM,3,Major Arterial,North York,43.728845,-79.30439,,No Control,Clear,Dark,Dry,Non-Fatal Injury,Turning Movement,Driver,20 to 24,,,,,Yes,,,,,Yes,,,,,,Victoria Village
12/31/2007 10:00:00 AM,647,Major Arterial,Etobicoke York,43.773345,-79.53179,At Intersection,Traffic Signal,Snow,Dark,Loose Snow,Non-Fatal Injury,Sideswipe,Driver,45 to 49,,,,,Yes,,,,,,Yes,Yes,,,,NSA
1/14/2008 10:00:00 AM,2232,Local,Scarborough,43.749845,-79.23979,,No Control,Snow,Dark,Wet,Non-Fatal Injury,SMV Other,Vehicle Owner,unknown,,,,,Yes,,,,,Yes,,,,Yes,,Bendale South
1/14/2008 10:00:00 AM,2232,Local,Scarborough,43.749845,-79.23979,,No Control,Snow,Dark,Wet,Non-Fatal Injury,SMV Other,Driver,20 to 24,,,,,Yes,,,,,Yes,,,,Yes,,Bendale South
12/31/2007 10:00:00 AM,1510,Major Arterial,Etobicoke York,43.734045,-79.56389,,No Control,Clear,Daylight,Dry,Non-Fatal Injury,Rear End,Driver,35 to 39,,,,,Yes,,,,,,,Yes,,,,Thistletown-Beaumond Heights
1/15/2008 10:00:00 AM,652,Minor Arterial,Etobicoke York,43.682045,-79.47199,At Intersection,No Control,Snow,"Dusk, artificial",Slush,Non-Fatal Injury,Pedestrian Collisions,Driver,40 to 44,,,Yes,,Yes,,,,,,,,,,,Keelesdale-Eglinton West
12/29/2007 10:00:00 AM,1303,Local,Scarborough,43.775645,-79.30289,,No Control,Clear,Daylight,Dry,Non-Fatal Injury,Approaching,Passenger,25 to 29,,,,,Yes,,,,,Yes,,Yes,,,,Tam O'Shanter-Sullivan
12/29/2007 10:00:00 AM,1303,Local,Scarborough,43.775645,-79.30289,,No Control,Clear,Daylight,Dry,Non-Fatal Injury,Approaching,Driver,30 to 34,,,,,Yes,,,,,Yes,,Yes,,,,Tam O'Shanter-Sullivan
1/3/2008 10:00:00 AM,1623,Major Arterial,North York,43.711045,-79.37719,,Traffic Signal,Snow,Daylight,Loose Snow,Non-Fatal Injury,Rear End,Driver,60 to 64,,,,,Yes,,,,,,,,,,,Mount Pleasant East
1/4/2008 10:00:00 AM,1540,Major Arterial,North York,43.755045,-79.35029,,No Control,Clear,Daylight,Dry,Non-Fatal Injury,Approaching,Driver,15 to 19,,,,,Yes,,,,,,,,,,,Banbury-Don Mills
1/16/2008 10:00:00 AM,950,Major Arterial,Etobicoke York,43.714745,-79.53669,,Traffic Signal,Clear,Daylight,Dry,Non-Fatal Injury,Approaching,Driver,65 to 69,,,,,Yes,,,,,,,,,,,Pelmo Park-Humberlea
1/7/2008 10:00:00 AM,1803,Collector,North York,43.718345,-79.33139,,Traffic Signal,Rain,Dark,Wet,Non-Fatal Injury,Pedestrian Collisions,Driver,25 to 29,,,Yes,,Yes,,,,,,,Yes,,,,Flemingdon Park
1/7/2008 10:00:00 AM,1730,Local,Scarborough,43.794945,-79.29049,At Intersection,Stop Sign,Clear,Dark,Wet,Non-Fatal Injury,Pedestrian Collisions,Driver,65 to 69,,,Yes,,Yes,,,,,,,Yes,,,,Tam O'Shanter-Sullivan
1/16/2008 10:00:00 AM,1608,Major Arterial,Scarborough,43.791045,-79.29169,At Intersection,Traffic Signal,Clear,Daylight,Dry,Non-Fatal Injury,Turning Movement,Driver,90 to 94,,,,,Yes,,,,,,,Yes,Yes,,Yes,Tam O'Shanter-Sullivan
1/17/2008 10:00:00 AM,1750,Major Arterial,North York,43.782845,-79.40149,At Intersection,No Control,Snow,Dark,Wet,Non-Fatal Injury,Pedestrian Collisions,Driver,30 to 34,,,Yes,,Yes,,,,,,,,,,,East Willowdale
1/17/2008 10:00:00 AM,1750,Major Arterial,North York,43.782845,-79.40149,At Intersection,No Control,Snow,Dark,Wet,Non-Fatal Injury,Pedestrian Collisions,Driver,45 to 49,,,Yes,,Yes,,,,,,,,,,,East Willowdale
1/17/2008 10:00:00 AM,1957,,Toronto and East York,43.681845,-79.36239,,No Control,Clear,Dark,Wet,Non-Fatal Injury,Sideswipe,Driver,20 to 24,,,,,Yes,,,,,,,Yes,,,,Broadview North
1/17/2008 10:00:00 AM,1957,,Toronto and East York,43.681845,-79.36239,,No Control,Clear,Dark,Wet,Non-Fatal Injury,Sideswipe,Driver,30 to 34,,,,,Yes,,,,,,,Yes,,,,Broadview North
1/11/2008 10:00:00 AM,944,Major Arterial,North York,43.793545,-79.33699,,Traffic Signal,Clear,Daylight,Dry,Non-Fatal Injury,Pedestrian Collisions,Driver,70 to 74,,,Yes,,Yes,,,,,,,,,,,Pleasant View
1/11/2008 10:00:00 AM,1840,Collector,Scarborough,43.796745,-79.23579,At Intersection,Stop Sign,Clear,Dark,Dry,Non-Fatal Injury,Pedestrian Collisions,Vehicle Owner,unknown,,,Yes,,Yes,,,,,,,Yes,,,,Malvern West
1/11/2008 10:00:00 AM,1840,Collector,Scarborough,43.796745,-79.23579,At Intersection,Stop Sign,Clear,Dark,Dry,Non-Fatal Injury,Pedestrian Collisions,Driver,35 to 39,,,Yes,,Yes,,,,,,,Yes,,,,Malvern West
12/10/2007 10:00:00 AM,1657,Major Arterial,Etobicoke York,43.711045,-79.50599,,Traffic Signal,Clear,Daylight,Dry,Non-Fatal Injury,Rear End,Truck Driver,70 to 74,,,,,Yes,,Yes,,,Yes,,Yes,,,,Pelmo Park-Humberlea
12/10/2007 10:00:00 AM,1657,Major Arterial,Etobicoke York,43.711045,-79.50599,,Traffic Signal,Clear,Daylight,Dry,Non-Fatal Injury,Rear End,Driver,45 to 49,,,,,Yes,,Yes,,,Yes,,Yes,,,,Pelmo Park-Humberlea
12/10/2007 10:00:00 AM,1657,Major Arterial,Etobicoke York,43.711045,-79.50599,,Traffic Signal,Clear,Daylight,Dry,Non-Fatal Injury,Rear End,Driver,30 to 34,,,,,Yes,,Yes,,,Yes,,Yes,,,,Pelmo Park-Humberlea
12/10/2007 10:00:00 AM,1657,Major Arterial,Etobicoke York,43.711045,-79.50599,,Traffic Signal,Clear,Daylight,Dry,Non-Fatal Injury,Rear End,Driver,55 to 59,,,,,Yes,,Yes,,,Yes,,Yes,,,,Pelmo Park-Humberlea
12/10/2007 10:00:00 AM,1657,Major Arterial,Etobicoke York,43.711045,-79.50599,,Traffic Signal,Clear,Daylight,Dry,Non-Fatal Injury,Rear End,Passenger,60 to 64,,,,,Yes,,Yes,,,Yes,,Yes,,,,Pelmo Park-Humberlea
12/10/2007 10:00:00 AM,1657,Major Arterial,Etobicoke York,43.711045,-79.50599,,Traffic Signal,Clear,Daylight,Dry,Non-Fatal Injury,Rear End,Driver,70 to 74,,,,,Yes,,Yes,,,Yes,,Yes,,,,Pelmo Park-Humberlea
12/10/2007 10:00:00 AM,1657,Major Arterial,Etobicoke York,43.711045,-79.50599,,Traffic Signal,Clear,Daylight,Dry,Non-Fatal Injury,Rear End,Driver,35 to 39,,,,,Yes,,Yes,,,Yes,,Yes,,,,Pelmo Park-Humberlea
6/2/2020 8:00:00 AM,1555,Major Arterial,Toronto and East York,43.640269,-79.383151,At Intersection,Traffic Signal,Clear,Daylight,Dry,Non-Fatal Injury,Angle,Driver,25 to 29,,,,,Yes,Yes,,,,,Yes,Yes,Yes,,,Harbourfront-CityPlace
1/21/2008 10:00:00 AM,1100,Local,Toronto and East York,43.647645,-79.42089,,No Control,Clear,Daylight,Dry,Non-Fatal Injury,SMV Other,Driver,25 to 29,,,,,Yes,,,,,,,,,,,Trinity-Bellwoods
1/23/2008 10:00:00 AM,645,Major Arterial,Etobicoke York,43.757845,-79.60339,At Intersection,Traffic Signal,Clear,Dark,Dry,Non-Fatal Injury,Pedestrian Collisions,Driver,30 to 34,,,Yes,,Yes,,,,,,,,,,,West Humber-Clairville
1/17/2008 10:00:00 AM,1810,Major Arterial,North York,43.793145,-79.33139,,Traffic Signal,Clear,Dark,Dry,Non-Fatal Injury,Pedestrian Collisions,Driver,35 to 39,,,Yes,,Yes,,,,,,,,,,,L'Amoreaux West
6/2/2020 8:00:00 AM,1856,Major Arterial,Etobicoke York,43.663226,-79.419696,Non Intersection,No Control,Clear,Daylight,Dry,Non-Fatal Injury,Cyclist Collisions,Driver,65 to 69,,,,Yes,Yes,,,,,,,,,,,Palmerston-Little Italy
1/28/2008 10:00:00 AM,817,Minor Arterial,Scarborough,43.807545,-79.31549,,Stop Sign,Clear,Daylight,Dry,Non-Fatal Injury,Pedestrian Collisions,Driver,55 to 59,,,Yes,,Yes,,,,,,,Yes,,,,Steeles
1/21/2008 10:00:00 AM,1940,Major Arterial,Etobicoke York,43.608945,-79.55639,,Traffic Signal,Clear,Dark,Dry,Non-Fatal Injury,Pedestrian Collisions,Driver,65 to 69,,,Yes,,Yes,,,,,,,,,,,Etobicoke City Centre
1/22/2008 10:00:00 AM,807,Major Arterial,Toronto and East York,43.653245,-79.46639,,No Control,Snow,Daylight,Loose Snow,Non-Fatal Injury,Rear End,Driver,60 to 64,,,,,Yes,,,,,,,Yes,,,,High Park-Swansea
1/22/2008 10:00:00 AM,807,Major Arterial,Toronto and East York,43.653245,-79.46639,,No Control,Snow,Daylight,Loose Snow,Non-Fatal Injury,Rear End,Vehicle Owner,unknown,,,,,Yes,,,,,,,Yes,,,,High Park-Swansea
1/22/2008 10:00:00 AM,807,Major Arterial,Toronto and East York,43.653245,-79.46639,,No Control,Snow,Daylight,Loose Snow,Non-Fatal Injury,Rear End,Driver,20 to 24,,,,,Yes,,,,,,,Yes,,,,High Park-Swansea
1/29/2008 10:00:00 AM,2355,Major Arterial,North York,43.695045,-79.45319,,No Control,Rain,Dark,Wet,Non-Fatal Injury,Rear End,Vehicle Owner,unknown,,,,,Yes,,,,,,,Yes,,,,Caledonia-Fairbank
1/29/2008 10:00:00 AM,2355,Major Arterial,North York,43.695045,-79.45319,,No Control,Rain,Dark,Wet,Non-Fatal Injury,Rear End,Driver,35 to 39,,,,,Yes,,,,,,,Yes,,,,Caledonia-Fairbank
1/15/2008 10:00:00 AM,720,Major Arterial,Etobicoke York,43.750545,-79.54969,,No Control,Snow,Daylight,Loose Snow,Non-Fatal Injury,Pedestrian Collisions,Driver,unknown,,,Yes,,Yes,,,,,,,Yes,,,,Humber Summit
2/2/2008 10:00:00 AM,1249,Minor Arterial,Scarborough,43.767445,-79.23919,At Intersection,Traffic Signal,Clear,Daylight,Wet,Non-Fatal Injury,Turning Movement,Driver,20 to 24,,,,,Yes,,,,,,Yes,Yes,,,,Woburn North
1/25/2008 10:00:00 AM,900,Minor Arterial,Toronto and East York,43.650445,-79.45069,At Intersection,Pedestrian Crossover,Clear,Daylight,Wet,Non-Fatal Injury,Approaching,Driver,45 to 49,,,,,Yes,,,,,,,Yes,,,,High Park-Swansea
1/25/2008 10:00:00 AM,900,Minor Arterial,Toronto and East York,43.650445,-79.45069,At Intersection,Pedestrian Crossover,Clear,Daylight,Wet,Non-Fatal Injury,Approaching,Driver,35 to 39,,,,,Yes,,,,,,,Yes,,,,High Park-Swansea