DATE,TIME,ROAD_CLASS,DISTRICT,LATITUDE,LONGITUDE,ACCLOC,TRAFFCTL,VISIBILITY,LIGHT,RDSFCOND,ACCLASS,IMPACTYPE,INVTYPE,INVAGE,PEDCOND,CYCCOND,PEDESTRIAN,CYCLIST,AUTOMOBILE,MOTORCYCLE,TRUCK,TRSN_CITY_VEH,EMERG_VEH,PASSENGER,SPEEDING,AG_DRIV,REDLIGHT,ALCOHOL,DISABILITY,NEIGHBOURHOOD_158
1/3/2010 10:00:00 AM,1250,Major Arterial,Scarborough,43.825545,-79.27529,,No Control,Snow,Daylight,Loose Snow,Non-Fatal Injury,Approaching,Vehicle Owner,unknown,,,,,Yes,,,,,Yes,,,,,,Milliken
1/3/2010 10:00:00 AM,1250,Major Arterial,Scarborough,43.825545,-79.27529,,No Control,Snow,Daylight,Loose Snow,Non-Fatal Injury,Approaching,Passenger,70 to 74,,,,,Yes,,,,,Yes,,,,,,Milliken
1/3/2010 10:00:00 AM,1250,Major Arterial,Scarborough,43.825545,-79.27529,,No Control,Snow,Daylight,Loose Snow,Non-Fatal Injury,Approaching,Driver,70 to 74,,,,,Yes,,,,,Yes,,,,,,Milliken
1/3/2010 10:00:00 AM,1250,Major Arterial,Scarborough,43.825545,-79.27529,,No Control,Snow,Daylight,Loose Snow,Non-Fatal Injury,Approaching,Passenger,60 to 64,,,,,Yes,,,,,Yes,,,,,,Milliken
1/3/2010 10:00:00 AM,1250,Major Arterial,Scarborough,43.825545,-79.27529,,No Control,Snow,Daylight,Loose Snow,Non-Fatal Injury,Approaching,Driver,65 to 69,,,,,Yes,,,,,Yes,,,,,,Milliken
1/3/2010 10:00:00 AM,1250,Major Arterial,Scarborough,43.825545,-79.27529,,No Control,Snow,Daylight,Loose Snow,Non-Fatal Injury,Approaching,Other Property Owner,unknown,,,,,Yes,,,,,Yes,,,,,,Milliken
1/7/2010 10:00:00 AM,2108,Major Arterial,Scarborough,43.749545,-79.24449,,No Control,Clear,Dark,Dry,Non-Fatal Injury,Cyclist Collisions,Vehicle Owner,unknown,,,,Yes,Yes,,,,,,,Yes,,,,Bendale South
1/7/2010 10:00:00 AM,2108,Major Arterial,Scarborough,43.749545,-79.24449,,No Control,Clear,Dark,Dry,Non-Fatal Injury,Cyclist Collisions,Driver,20 to 24,,,,Yes,Yes,,,,,,,Yes,,,,Bendale South
1/29/2010 10:00:00 AM,1635,Collector,Scarborough,43.776645,-79.18059,,No Control,Clear,Dusk,Dry,Non-Fatal Injury,Rear End,Driver,80 to 84,,,,,Yes,,,,,,,,,,,West Hill
1/29/2010 10:00:00 AM,1636,Collector,Scarborough,43.776545,-79.18069,,No Control,Clear,Dusk,Dry,Non-Fatal Injury,Rear End,Driver,45 to 49,,,,,Yes,,,,,,,,,,,West Hill
1/30/2010 10:00:00 AM,1629,Major Arterial,Toronto and East York,43.664345,-79.41489,At Intersection,Stop Sign,Clear,Daylight,Dry,Non-Fatal Injury,Pedestrian Collisions,Driver,unknown,,,Yes,,Yes,,,,,,,,,,,Annex
1/6/2010 10:00:00 AM,257,Major Arterial,North York,43.716245,-79.44369,,No Control,Clear,Dark,Dry,Non-Fatal Injury,Pedestrian Collisions,Pedestrian,40 to 44,Inattentive,,Yes,,,,,,,,,,,,,Englemount-Lawrence
1/8/2010 10:00:00 AM,302,Major Arterial,Toronto and East York,43.654745,-79.38829,,No Control,Clear,Dark,Wet,Non-Fatal Injury,Pedestrian Collisions,Driver,30 to 34,,,Yes,,Yes,,,,,,,,,,,Yonge-Bay Corridor
1/10/2010 10:00:00 AM,933,Collector,North York,43.750445,-79.49419,At Intersection,Stop Sign,Clear,Daylight,Dry,Non-Fatal Injury,Pedestrian Collisions,Truck Driver,35 to 39,,,Yes,,,,Yes,,,,,Yes,,,,York University Heights
1/12/2010 10:00:00 AM,1153,Major Arterial,Scarborough,43.743945,-79.21559,At Intersection,Traffic Signal,Clear,Daylight,Dry,Non-Fatal Injury,Pedestrian Collisions,Passenger,20 to 24,,,Yes,,Yes,,,,,Yes,,Yes,,,,Scarborough Village
1/12/2010 10:00:00 AM,1153,Major Arterial,Scarborough,43.743945,-79.21559,At Intersection,Traffic Signal,Clear,Daylight,Dry,Non-Fatal Injury,Pedestrian Collisions,Driver,50 to 54,,,Yes,,Yes,,,,,Yes,,Yes,,,,Scarborough Village
1/12/2010 10:00:00 AM,1153,Major Arterial,Scarborough,43.743945,-79.21559,At Intersection,Traffic Signal,Clear,Daylight,Dry,Non-Fatal Injury,Pedestrian Collisions,Other Property Owner,unknown,,,Yes,,Yes,,,,,Yes,,Yes,,,,Scarborough Village
1/12/2010 10:00:00 AM,1401,Major Arterial,Etobicoke York,43.699545,-79.50289,At Intersection,Traffic Signal,Clear,Daylight,Dry,Non-Fatal Injury,Pedestrian Collisions,Vehicle Owner,unknown,,,Yes,,Yes,,,,,,,Yes,,,,Brookhaven-Amesbury
1/12/2010 10:00:00 AM,1401,Major Arterial,Etobicoke York,43.699545,-79.50289,At Intersection,Traffic Signal,Clear,Daylight,Dry,Non-Fatal Injury,Pedestrian Collisions,Driver,45 to 49,,,Yes,,Yes,,,,,,,Yes,,,,Brookhaven-Amesbury
1/14/2010 10:00:00 AM,2150,Major Arterial,North York,43.775145,-79.34699,At Intersection,Traffic Signal,Clear,Dark,Wet,Non-Fatal Injury,Angle,Passenger,20 to 24,,,,,Yes,,,,,Yes,Yes,Yes,,,,Don Valley Village
1/14/2010 10:00:00 AM,2150,Major Arterial,North York,43.775145,-79.34699,At Intersection,Traffic Signal,Clear,Dark,Wet,Non-Fatal Injury,Angle,Vehicle Owner,unknown,,,,,Yes,,,,,Yes,Yes,Yes,,,,Don Valley Village
1/14/2010 10:00:00 AM,2150,Major Arterial,North York,43.775145,-79.34699,At Intersection,Traffic Signal,Clear,Dark,Wet,Non-Fatal Injury,Angle,Driver,25 to 29,,,,,Yes,,,,,Yes,Yes,Yes,,,,Don Valley Village
1/14/2010 10:00:00 AM,1743,Collector,Scarborough,43.819945,-79.29809,At Intersection,Traffic Signal,Clear,Dark,Wet,Non-Fatal Injury,Pedestrian Collisions,Vehicle Owner,unknown,,,Yes,,Yes,,,,,,,Yes,,,,Milliken
1/14/2010 10:00:00 AM,1743,Collector,Scarborough,43.819945,-79.29809,At Intersection,Traffic Signal,Clear,Dark,Wet,Non-Fatal Injury,Pedestrian Collisions,Driver,25 to 29,,,Yes,,Yes,,,,,,,Yes,,,,Milliken
2/12/2010 10:00:00 AM,2303,Major Arterial,North York,43.758445,-79.42459,At Intersection,No Control,Clear,Dark,Dry,Non-Fatal Injury,Pedestrian Collisions,Vehicle Owner,unknown,,,Yes,,Yes,,,,,,,Yes,,,,Lansing-Westgate
2/12/2010 10:00:00 AM,2303,Major Arterial,North York,43.758445,-79.42459,At Intersection,No Control,Clear,Dark,Dry,Non-Fatal Injury,Pedestrian Collisions,Driver,70 to 74,,,Yes,,Yes,,,,,,,Yes,,,,Lansing-Westgate
2/13/2010 10:00:00 AM,144,Major Arterial,Etobicoke York,43.638145,-79.55149,,Stop Sign,Clear,Dark,Dry,Non-Fatal Injury,Angle,Driver,40 to 44,,,,,Yes,Yes,,,,,,Yes,,,,Islington
2/13/2010 10:00:00 AM,144,Major Arterial,Etobicoke York,43.638145,-79.55149,,Stop Sign,Clear,Dark,Dry,Non-Fatal Injury,Angle,Motorcycle Driver,15 to 19,,,,,Yes,Yes,,,,,,Yes,,,,Islington
1/25/2010 10:00:00 AM,1845,Major Arterial,Etobicoke York,43.748545,-79.55879,At Intersection,No Control,Clear,Dusk,Wet,Non-Fatal Injury,Pedestrian Collisions,Driver,unknown,,,Yes,,Yes,,,,,,,Yes,,,,Humbermede
6/23/2020 8:00:00 AM,611,Major Arterial,North York,43.724314,-79.405566,At Intersection,Traffic Signal,Clear,Daylight,Dry,Non-Fatal Injury,Cyclist Collisions,Driver,35 to 39,,,,Yes,Yes,,,,,,,,,,,Lawrence Park South
2/17/2010 10:00:00 AM,833,Major Arterial,North York,43.711045,-79.37719,At Intersection,Traffic Signal,Snow,Daylight,Wet,Non-Fatal Injury,Pedestrian Collisions,Driver,40 to 44,,,Yes,,Yes,,,,,,,Yes,Yes,,,Mount Pleasant East
2/17/2010 10:00:00 AM,833,Major Arterial,North York,43.711045,-79.37719,At Intersection,Traffic Signal,Snow,Daylight,Wet,Non-Fatal Injury,Pedestrian Collisions,Pedestrian,60 to 64,Normal,,Yes,,Yes,,,,,,,Yes,Yes,,,Mount Pleasant East
2/18/2010 10:00:00 AM,1108,Local,Etobicoke York,43.723545,-79.52129,,No Control,Clear,Daylight,Dry,Non-Fatal Injury,SMV Other,Other Property Owner,unknown,,,,,Yes,,,,,,,,,,,Oakdale-Beverley Heights
6/23/2020 8:00:00 AM,752,Minor Arterial,North York,43.652495,-79.432521,At Intersection,Traffic Signal,Clear,Daylight,Dry,Non-Fatal Injury,Angle,Truck Driver,35 to 39,,,,,Yes,,Yes,,,Yes,,,,,,Little Portugal
6/23/2020 8:00:00 AM,752,Minor Arterial,North York,43.652495,-79.432521,At Intersection,Traffic Signal,Clear,Daylight,Dry,Non-Fatal Injury,Angle,Passenger,30 to 34,,,,,Yes,,Yes,,,Yes,,,,,,Little Portugal
2/4/2010 10:00:00 AM,1546,Major Arterial,Etobicoke York,43.739045,-79.51449,At Intersection,No Control,Clear,Daylight,Dry,Non-Fatal Injury,Pedestrian Collisions,Driver,65 to 69,,,Yes,,Yes,,,,,,,Yes,,,,Oakdale-Beverley Heights
6/2/2009 8:00:00 AM,820,Major Arterial,North York,43.704245,-79.38859,,Traffic Signal,Clear,Daylight,Dry,Non-Fatal Injury,Cyclist Collisions,Driver,45 to 49,,,,Yes,Yes,,,,,,,,,,,South Eglinton-Davisville
2/27/2010 10:00:00 AM,2320,Major Arterial,Etobicoke York,43.630845,-79.48209,,Traffic Signal,Clear,Dark,Dry,Non-Fatal Injury,Pedestrian Collisions,Driver,20 to 24,,,Yes,,Yes,,,,,,,,,,,Stonegate-Queensway
2/10/2010 10:00:00 AM,1522,Minor Arterial,Toronto and East York,43.670545,-79.45449,,No Control,Clear,Daylight,Dry,Non-Fatal Injury,Sideswipe,Vehicle Owner,unknown,,,,,Yes,,,,,Yes,,Yes,,,,Weston-Pelham Park
2/10/2010 10:00:00 AM,1522,Minor Arterial,Toronto and East York,43.670545,-79.45449,,No Control,Clear,Daylight,Dry,Non-Fatal Injury,Sideswipe,Driver,55 to 59,,,,,Yes,,,,,Yes,,Yes,,,,Weston-Pelham Park
2/10/2010 10:00:00 AM,1522,Minor Arterial,Toronto and East York,43.670545,-79.45449,,No Control,Clear,Daylight,Dry,Non-Fatal Injury,Sideswipe,Driver,75 to 79,,,,,Yes,,,,,Yes,,Yes,,,,Weston-Pelham Park
1/22/2010 10:00:00 AM,1520,Local,Scarborough,43.779445,-79.15099,,Stop Sign,Clear,Daylight,Dry,Non-Fatal Injury,SMV Other,Other Property Owner,unknown,,,,,Yes,,,,,,,,,,,Centennial Scarborough
1/24/2010 10:00:00 AM,2031,Major Arterial,Scarborough,43.811645,-79.26919,At Intersection,Traffic Signal,Rain,Daylight,Wet,Non-Fatal Injury,Angle,Driver,30 to 34,,,,,Yes,,,,,Yes,,Yes,Yes,,,Agincourt North
1/24/2010 10:00:00 AM,2031,Major Arterial,Scarborough,43.811645,-79.26919,At Intersection,Traffic Signal,Rain,Daylight,Wet,Non-Fatal Injury,Angle,Vehicle Owner,unknown,,,,,Yes,,,,,Yes,,Yes,Yes,,,Agincourt North
1/24/2010 10:00:00 AM,2031,Major Arterial,Scarborough,43.811645,-79.26919,At Intersection,Traffic Signal,Rain,Daylight,Wet,Non-Fatal Injury,Angle,Driver,20 to 24,,,,,Yes,,,,,Yes,,Yes,Yes,,,Agincourt North
1/24/2010 10:00:00 AM,2031,Major Arterial,Scarborough,43.811645,-79.26919,At Intersection,Traffic Signal,Rain,Daylight,Wet,Non-Fatal Injury,Angle,Driver,40 to 44,,,,,Yes,,,,,Yes,,Yes,Yes,,,Agincourt North
1/24/2010 10:00:00 AM,242,Major Arterial,Toronto and East York,43.656945,-79.40539,,Traffic Signal,Clear,Dark,Wet,Non-Fatal Injury,Pedestrian Collisions,Vehicle Owner,unknown,,,Yes,,Yes,,,,,,,,,,,Kensington-Chinatown
1/24/2010 10:00:00 AM,242,Major Arterial,Toronto and East York,43.656945,-79.40539,,Traffic Signal,Clear,Dark,Wet,Non-Fatal Injury,Pedestrian Collisions,Driver,30 to 34,,,Yes,,Yes,,,,,,,,,,,Kensington-Chinatown
1/23/2010 10:00:00 AM,834,Major Arterial,Etobicoke York,43.741445,-79.50149,At Intersection,Traffic Signal,Clear,Daylight,Dry,Non-Fatal Injury,Pedestrian Collisions,Driver,45 to 49,,,Yes,,Yes,,,,,,,Yes,,,,Glenfield-Jane Heights
3/4/2010 10:00:00 AM,1308,Major Arterial,Scarborough,43.788845,-79.26249,At Intersection,No Control,Clear,Daylight,Dry,Non-Fatal Injury,Turning Movement,Vehicle Owner,unknown,,,,,Yes,Yes,,,,,,Yes,,,,Agincourt South-Malvern West
3/4/2010 10:00:00 AM,1308,Major Arterial,Scarborough,43.788845,-79.26249,At Intersection,No Control,Clear,Daylight,Dry,Non-Fatal Injury,Turning Movement,Driver,50 to 54,,,,,Yes,Yes,,,,,,Yes,,,,Agincourt South-Malvern West
3/8/2010 10:00:00 AM,1353,Major Arterial,Toronto and East York,43.663845,-79.38419,,No Control,Clear,Daylight,Dry,Non-Fatal Injury,Pedestrian Collisions,Vehicle Owner,unknown,,,Yes,,Yes,,,,,,,Yes,,,,Bay-Cloverhill
3/8/2010 10:00:00 AM,1353,Major Arterial,Toronto and East York,43.663845,-79.38419,,No Control,Clear,Daylight,Dry,Non-Fatal Injury,Pedestrian Collisions,Driver,45 to 49,,,Yes,,Yes,,,,,,,Yes,,,,Bay-Cloverhill
1/28/2010 10:00:00 AM,1541,Collector,Toronto and East York,43.693145,-79.30009,,No Control,Clear,Daylight,Dry,Non-Fatal Injury,Pedestrian Collisions,Driver,20 to 24,,,Yes,,Yes,,,,,,,,,,,Taylor-Massey
1/31/2010 10:00:00 AM,1620,Minor Arterial,Etobicoke York,43.610745,-79.56149,,No Control,Clear,Daylight,Dry,Non-Fatal Injury,Pedestrian Collisions,Driver,70 to 74,,,Yes,,Yes,,,,,,,,,,,Etobicoke City Centre
2/4/2010 10:00:00 AM,1848,Minor Arterial,Toronto and East York,43.692345,-79.35449,,No Control,Clear,Dark,Dry,Non-Fatal Injury,Cyclist Collisions,Other,unknown,,,,Yes,,,,,,,,,,,,Broadview North
2/6/2010 10:00:00 AM,2020,Local,Etobicoke York,43.674545,-79.48089,,No Control,Clear,Dark,Dry,Non-Fatal Injury,SMV Unattended Vehicle,Vehicle Owner,unknown,,,,,Yes,,,,,Yes,Yes,Yes,,,,Rockcliffe-Smythe
2/6/2010 10:00:00 AM,2020,Local,Etobicoke York,43.674545,-79.48089,,No Control,Clear,Dark,Dry,Non-Fatal Injury,SMV Unattended Vehicle,Driver,35 to 39,,,,,Yes,,,,,Yes,Yes,Yes,,,,Rockcliffe-Smythe
2/6/2010 10:00:00 AM,2020,Local,Etobicoke York,43.674545,-79.48089,,No Control,Clear,Dark,Dry,Non-Fatal Injury,SMV Unattended Vehicle,Other,unknown,,,,,Yes,,,,,Yes,Yes,Yes,,,,Rockcliffe-Smythe
2/3/2010 10:00:00 AM,1915,Major Arterial,Toronto and East York,43.681045,-79.41749,,No Control,Other,Dark,Other,Non-Fatal Injury,Pedestrian Collisions,Driver,55 to 59,,,Yes,,,,,,,,,,,,,Wychwood
2/8/2010 10:00:00 AM,1942,Major Arterial,Toronto and East York,43.647145,-79.40399,At Intersection,Traffic Signal,Clear,Dark,Dry,Non-Fatal Injury,Pedestrian Collisions,Driver,45 to 49,,,Yes,,Yes,,,,,,,,,,,Wellington Place
3/17/2010 8:00:00 AM,955,Collector,North York,43.748045,-79.44969,,Pedestrian Crossover,Clear,Daylight,Dry,Non-Fatal Injury,Pedestrian Collisions,Vehicle Owner,unknown,,,Yes,,Yes,,,,,,,Yes,,,,Clanton Park
3/17/2010 8:00:00 AM,955,Collector,North York,43.748045,-79.44969,,Pedestrian Crossover,Clear,Daylight,Dry,Non-Fatal Injury,Pedestrian Collisions,Driver,55 to 59,,,Yes,,Yes,,,,,,,Yes,,,,Clanton Park
3/17/2010 8:00:00 AM,1546,Minor Arterial,Scarborough,43.770045,-79.17879,,No Control,Clear,Daylight,Dry,Non-Fatal Injury,SMV Unattended Vehicle,Vehicle Owner,unknown,,,,,Yes,,,,,,,,,,,West Hill
2/11/2010 10:00:00 AM,1305,Major Arterial,Toronto and East York,43.663445,-79.41889,At Intersection,Traffic Signal,Clear,Daylight,Dry,Non-Fatal Injury,Pedestrian Collisions,Vehicle Owner,unknown,,,Yes,,Yes,,,,,,,Yes,,,,Palmerston-Little Italy
2/11/2010 10:00:00 AM,1305,Major Arterial,Toronto and East York,43.663445,-79.41889,At Intersection,Traffic Signal,Clear,Daylight,Dry,Non-Fatal Injury,Pedestrian Collisions,Driver,40 to 44,,,Yes,,Yes,,,,,,,Yes,,,,Palmerston-Little Italy
3/19/2010 8:00:00 AM,400,Major Arterial,Toronto and East York,43.697845,-79.34939,,No Control,Clear,Dark,Dry,Non-Fatal Injury,Pedestrian Collisions,Passenger,10 to 14,,,Yes,,Yes,,,,,Yes,,,,,,Old East York
3/19/2010 8:00:00 AM,400,Major Arterial,Toronto and East York,43.697845,-79.34939,,No Control,Clear,Dark,Dry,Non-Fatal Injury,Pedestrian Collisions,Passenger,25 to 29,,,Yes,,Yes,,,,,Yes,,,,,,Old East York
3/19/2010 8:00:00 AM,400,Major Arterial,Toronto and East York,43.697845,-79.34939,,No Control,Clear,Dark,Dry,Non-Fatal Injury,Pedestrian Collisions,Driver,25 to 29,,,Yes,,Yes,,,,,Yes,,,,,,Old East York
3/19/2010 8:00:00 AM,402,Major Arterial,Toronto and East York,43.698045,-79.34969,,No Control,Clear,Dark,Dry,Non-Fatal Injury,Pedestrian Collisions,Passenger,40 to 44,,,Yes,,Yes,,,,,Yes,,,,,,Old East York
3/19/2010 8:00:00 AM,402,Major Arterial,Toronto and East York,43.698045,-79.34969,,No Control,Clear,Dark,Dry,Non-Fatal Injury,Pedestrian Collisions,Vehicle Owner,unknown,,,Yes,,Yes,,,,,Yes,,,,,,Old East York
3/19/2010 8:00:00 AM,402,Major Arterial,Toronto and East York,43.698045,-79.34969,,No Control,Clear,Dark,Dry,Non-Fatal Injury,Pedestrian Collisions,Driver,25 to 29,,,Yes,,Yes,,,,,Yes,,,,,,Old East York
3/24/2010 8:00:00 AM,0,Minor Arterial,Scarborough,43.809045,-79.16769,,No Control,Clear,Dark,Wet,Non-Fatal Injury,SMV Other,Motorcycle Driver,55 to 59,,,,,,Yes,,,,,,,,,,West Rouge
3/24/2010 8:00:00 AM,0,Minor Arterial,Scarborough,43.809045,-79.16769,,No Control,Clear,Dark,Wet,Non-Fatal Injury,SMV Other,Other Property Owner,unknown,,,,,,Yes,,,,,,,,,,West Rouge
3/24/2010 8:00:00 AM,42,Minor Arterial,Toronto and East York,43.664645,-79.35589,,No Control,Clear,Dark,Dry,Non-Fatal Injury,Pedestrian Collisions,Vehicle Owner,unknown,,,Yes,,Yes,,,Yes,,,,Yes,,,,North Riverdale
3/24/2010 8:00:00 AM,42,Minor Arterial,Toronto and East York,43.664645,-79.35589,,No Control,Clear,Dark,Dry,Non-Fatal Injury,Pedestrian Collisions,Driver,55 to 59,,,Yes,,Yes,,,Yes,,,,Yes,,,,North Riverdale
3/24/2010 8:00:00 AM,42,Minor Arterial,Toronto and East York,43.664645,-79.35589,,No Control,Clear,Dark,Dry,Non-Fatal Injury,Pedestrian Collisions,Driver,60 to 64,,,Yes,,Yes,,,Yes,,,,Yes,,,,North Riverdale
3/24/2010 8:00:00 AM,1720,,North York,43.723645,-79.33019,,No Control,Clear,Daylight,Dry,Non-Fatal Injury,Rear End,Driver,40 to 44,,,,,Yes,,,,,Yes,,Yes,,,,Banbury-Don Mills
3/24/2010 8:00:00 AM,1720,,North York,43.723645,-79.33019,,No Control,Clear,Daylight,Dry,Non-Fatal Injury,Rear End,Driver,25 to 29,,,,,Yes,,,,,Yes,,Yes,,,,Banbury-Don Mills
3/24/2010 8:00:00 AM,1720,,North York,43.723645,-79.33019,,No Control,Clear,Daylight,Dry,Non-Fatal Injury,Rear End,Passenger,20 to 24,,,,,Yes,,,,,Yes,,Yes,,,,Banbury-Don Mills
3/24/2010 8:00:00 AM,1720,,North York,43.723645,-79.33019,,No Control,Clear,Daylight,Dry,Non-Fatal Injury,Rear End,Driver,20 to 24,,,,,Yes,,,,,Yes,,Yes,,,,Banbury-Don Mills
2/20/2010 10:00:00 AM,1625,Major Arterial,Scarborough,43.821345,-79.31689,At Intersection,Traffic Signal,Clear,Daylight,Dry,Non-Fatal Injury,Turning Movement,Passenger,15 to 19,,,,,Yes,,,,,Yes,,,,,,Steeles
2/20/2010 10:00:00 AM,1625,Major Arterial,Scarborough,43.821345,-79.31689,At Intersection,Traffic Signal,Clear,Daylight,Dry,Non-Fatal Injury,Turning Movement,Vehicle Owner,unknown,,,,,Yes,,,,,Yes,,,,,,Steeles
2/20/2010 10:00:00 AM,1625,Major Arterial,Scarborough,43.821345,-79.31689,At Intersection,Traffic Signal,Clear,Daylight,Dry,Non-Fatal Injury,Turning Movement,Driver,55 to 59,,,,,Yes,,,,,Yes,,,,,,Steeles
2/24/2010 10:00:00 AM,1605,Major Arterial,Toronto and East York,43.632045,-79.43439,,No Control,Clear,Daylight,Dry,Non-Fatal Injury,Turning Movement,Passenger,35 to 39,,,,,Yes,,,,,Yes,,,,,,South Parkdale
2/24/2010 10:00:00 AM,1605,Major Arterial,Toronto and East York,43.632045,-79.43439,,No Control,Clear,Daylight,Dry,Non-Fatal Injury,Turning Movement,Driver,30 to 34,,,,,Yes,,,,,Yes,,,,,,South Parkdale
2/24/2010 10:00:00 AM,1605,Major Arterial,Toronto and East York,43.632045,-79.43439,,No Control,Clear,Daylight,Dry,Non-Fatal Injury,Turning Movement,Driver,35 to 39,,,,,Yes,,,,,Yes,,,,,,South Parkdale
4/4/2010 8:00:00 AM,1620,Major Arterial,Scarborough,43.746045,-79.29129,At Intersection,Traffic Signal,Clear,Daylight,Dry,Non-Fatal Injury,Approaching,Vehicle Owner,unknown,,,,,Yes,,,,,,,,,,,Wexford/Maryvale
4/4/2010 8:00:00 AM,1620,Major Arterial,Scarborough,43.746045,-79.29129,At Intersection,Traffic Signal,Clear,Daylight,Dry,Non-Fatal Injury,Approaching,Driver,50 to 54,,,,,Yes,,,,,,,,,,,Wexford/Maryvale
4/3/2010 8:00:00 AM,159,Major Arterial,Etobicoke York,43.744245,-79.60749,At Intersection,Traffic Signal,Clear,Dark,Dry,Non-Fatal Injury,Rear End,Driver,45 to 49,,,,,Yes,,,,,Yes,Yes,Yes,,Yes,,West Humber-Clairville
4/3/2010 8:00:00 AM,159,Major Arterial,Etobicoke York,43.744245,-79.60749,At Intersection,Traffic Signal,Clear,Dark,Dry,Non-Fatal Injury,Rear End,Passenger,20 to 24,,,,,Yes,,,,,Yes,Yes,Yes,,Yes,,West Humber-Clairville
4/3/2010 8:00:00 AM,159,Major Arterial,Etobicoke York,43.744245,-79.60749,At Intersection,Traffic Signal,Clear,Dark,Dry,Non-Fatal Injury,Rear End,Vehicle Owner,unknown,,,,,Yes,,,,,Yes,Yes,Yes,,Yes,,West Humber-Clairville
4/3/2010 8:00:00 AM,159,Major Arterial,Etobicoke York,43.744245,-79.60749,At Intersection,Traffic Signal,Clear,Dark,Dry,Non-Fatal Injury,Rear End,Driver,20 to 24,,,,,Yes,,,,,Yes,Yes,Yes,,Yes,,West Humber-Clairville
4/3/2010 8:00:00 AM,159,Major Arterial,Etobicoke York,43.744245,-79.60749,At Intersection,Traffic Signal,Clear,Dark,Dry,Non-Fatal Injury,Rear End,Passenger,25 to 29,,,,,Yes,,,,,Yes,Yes,Yes,,Yes,,West Humber-Clairville
4/3/2010 8:00:00 AM,159,Major Arterial,Etobicoke York,43.744245,-79.60749,At Intersection,Traffic Signal,Clear,Dark,Dry,Non-Fatal Injury,Rear End,Driver,25 to 29,,,,,Yes,,,,,Yes,Yes,Yes,,Yes,,West Humber-Clairville
2/27/2010 10:00:00 AM,515,Major Arterial,North York,43.777245,-79.42709,At Intersection,Traffic Signal,Snow,Dark,Slush,Non-Fatal Injury,SMV Other,Other Property Owner,unknown,,,,,Yes,,,,,,Yes,Yes,,Yes,,Newtonbrook West
3/1/2010 10:00:00 AM,2004,Minor Arterial,Toronto and East York,43.668045,-79.30869,,No Control,Clear,Dark,Dry,Non-Fatal Injury,Rear End,Driver,25 to 29,,,,,Yes,,,,,,,Yes,,Yes,,The Beaches
3/1/2010 10:00:00 AM,2004,Minor Arterial,Toronto and East York,43.668045,-79.30869,,No Control,Clear,Dark,Dry,Non-Fatal Injury,Rear End,Driver,55 to 59,,,,,Yes,,,,,,,Yes,,Yes,,The Beaches
3/1/2010 10:00:00 AM,746,Major Arterial,Toronto and East York,43.673945,-79.30789,At Intersection,Traffic Signal,Clear,Daylight,Dry,Non-Fatal Injury,Angle,Vehicle Owner,unknown,,,,,Yes,,Yes,,,Yes,,Yes,Yes,,,The Beaches
3/1/2010 10:00:00 AM,746,Major Arterial,Toronto and East York,43.673945,-79.30789,At Intersection,Traffic Signal,Clear,Daylight,Dry,Non-Fatal Injury,Angle,Truck Driver,35 to 39,,,,,Yes,,Yes,,,Yes,,Yes,Yes,,,The Beaches
3/1/2010 10:00:00 AM,746,Major Arterial,Toronto and East York,43.673945,-79.30789,At Intersection,Traffic Signal,Clear,Daylight,Dry,Non-Fatal Injury,Angle,Driver,55 to 59,,,,,Yes,,Yes,,,Yes,,Yes,Yes,,,The Beaches
4/7/2010 8:00:00 AM,1545,Minor Arterial,Toronto and East York,43.655145,-79.45209,At Intersection,No Control,Rain,Daylight,Wet,Non-Fatal Injury,Pedestrian Collisions,Driver,40 to 44,,,Yes,,Yes,,,,,,,,,,,Roncesvalles
3/1/2010 10:00:00 AM,1700,Major Arterial,Scarborough,43.798911,-79.14622,At Intersection,Traffic Signal,Clear,Daylight,Dry,Non-Fatal Injury,Turning Movement,Passenger,70 to 74,,,,,Yes,,,,,Yes,,Yes,,,,Centennial Scarborough
3/1/2010 10:00:00 AM,1700,Major Arterial,Scarborough,43.798911,-79.14622,At Intersection,Traffic Signal,Clear,Daylight,Dry,Non-Fatal Injury,Turning Movement,Driver,20 to 24,,,,,Yes,,,,,Yes,,Yes,,,,Centennial Scarborough
3/1/2010 10:00:00 AM,1700,Major Arterial,Scarborough,43.798911,-79.14622,At Intersection,Traffic Signal,Clear,Daylight,Dry,Non-Fatal Injury,Turning Movement,Driver,55 to 59,,,,,Yes,,,,,Yes,,Yes,,,,Centennial Scarborough
3/1/2010 10:00:00 AM,1700,Major Arterial,Scarborough,43.798911,-79.14622,At Intersection,Traffic Signal,Clear,Daylight,Dry,Non-Fatal Injury,Turning Movement,Other Property Owner,unknown,,,,,Yes,,,,,Yes,,Yes,,,,Centennial Scarborough
3/5/2010 10:00:00 AM,2210,Major Arterial,North York,43.695645,-79.45029,,No Control,Clear,Dark,Dry,Non-Fatal Injury,Pedestrian Collisions,Driver,20 to 24,,,Yes,,Yes,,,,,,,,,,,Caledonia-Fairbank
3/8/2010 10:00:00 AM,733,Major Arterial,Scarborough,43.785345,-79.25649,At Intersection,Traffic Signal,Clear,Daylight,Dry,Non-Fatal Injury,Pedestrian Collisions,Driver,55 to 59,,,Yes,,Yes,,,,,,,Yes,,,,Agincourt South-Malvern West
6/24/2020 8:00:00 AM,1130,Major Arterial,Etobicoke York,43.673464,-79.463008,At Intersection,Traffic Signal,Clear,Daylight,Dry,Non-Fatal Injury,Pedestrian Collisions,Driver,45 to 49,,,Yes,,,,,Yes,,,,,,,,Weston-Pelham Park