DATE,TIME,ROAD_CLASS,DISTRICT,LATITUDE,LONGITUDE,ACCLOC,TRAFFCTL,VISIBILITY,LIGHT,RDSFCOND,ACCLASS,IMPACTYPE,INVTYPE,INVAGE,PEDCOND,CYCCOND,PEDESTRIAN,CYCLIST,AUTOMOBILE,MOTORCYCLE,TRUCK,TRSN_CITY_VEH,EMERG_VEH,PASSENGER,SPEEDING,AG_DRIV,REDLIGHT,ALCOHOL,DISABILITY,NEIGHBOURHOOD_158
1/13/2012 10:00:00 AM,117,Major Arterial,Toronto and East York,43.688145,-79.30179,At Intersection,Traffic Signal,Clear,"Dark, artificial",Wet,Non-Fatal Injury,Angle,Driver,30 to 34,,,,,Yes,,,Yes,,,,Yes,Yes,,,East End-Danforth
1/15/2012 10:00:00 AM,906,Major Arterial,Scarborough,43.716838,-79.259914,,Traffic Signal,Clear,Daylight,Dry,Non-Fatal Injury,Angle,Driver,55 to 59,,,,,Yes,,,,,,,Yes,Yes,,,Clairlea-Birchmount
1/15/2012 10:00:00 AM,906,Major Arterial,Scarborough,43.716838,-79.259914,,Traffic Signal,Clear,Daylight,Dry,Non-Fatal Injury,Angle,Driver,60 to 64,,,,,Yes,,,,,,,Yes,Yes,,,Clairlea-Birchmount
7/10/2020 8:00:00 AM,650,Local,North York,43.781626,-79.335544,At Intersection,No Control,Clear,Daylight,Dry,Non-Fatal Injury,Pedestrian Collisions,Driver,50 to 54,,,Yes,,Yes,,,,,,,,,,,Pleasant View
1/17/2012 10:00:00 AM,1348,Major Arterial,Scarborough,43.763145,-79.20959,,No Control,Rain,Daylight,Wet,Non-Fatal Injury,Rear End,Passenger,unknown,,,,,Yes,,,,,Yes,,,,,Yes,Golfdale-Cedarbrae-Woburn
1/17/2012 10:00:00 AM,1348,Major Arterial,Scarborough,43.763145,-79.20959,,No Control,Rain,Daylight,Wet,Non-Fatal Injury,Rear End,Passenger,0 to 4,,,,,Yes,,,,,Yes,,,,,Yes,Golfdale-Cedarbrae-Woburn
1/17/2012 10:00:00 AM,1348,Major Arterial,Scarborough,43.763145,-79.20959,,No Control,Rain,Daylight,Wet,Non-Fatal Injury,Rear End,Passenger,25 to 29,,,,,Yes,,,,,Yes,,,,,Yes,Golfdale-Cedarbrae-Woburn
1/17/2012 10:00:00 AM,1348,Major Arterial,Scarborough,43.763145,-79.20959,,No Control,Rain,Daylight,Wet,Non-Fatal Injury,Rear End,Driver,35 to 39,,,,,Yes,,,,,Yes,,,,,Yes,Golfdale-Cedarbrae-Woburn
11/23/2011 10:00:00 AM,118,Major Arterial,North York,43.751645,-79.45669,At Intersection,Traffic Signal,Rain,"Dark, artificial",Wet,Non-Fatal Injury,Pedestrian Collisions,Driver,45 to 49,,,Yes,,Yes,,,,,,,Yes,,,,Clanton Park
11/24/2011 10:00:00 AM,1440,Collector,Toronto and East York,43.648845,-79.47529,,Stop Sign,Clear,Daylight,Dry,Non-Fatal Injury,Cyclist Collisions,Vehicle Owner,unknown,,,,Yes,,,,Yes,,,,,,,,High Park-Swansea
11/24/2011 10:00:00 AM,1440,Collector,Toronto and East York,43.648845,-79.47529,,Stop Sign,Clear,Daylight,Dry,Non-Fatal Injury,Cyclist Collisions,Driver,50 to 54,,,,Yes,,,,Yes,,,,,,,,High Park-Swansea
11/25/2011 10:00:00 AM,1604,Major Arterial,North York,43.754645,-79.35199,,Traffic Signal,Clear,Daylight,Dry,Non-Fatal Injury,Cyclist Collisions,Driver,20 to 24,,,,Yes,Yes,,,,,,,,,,,Banbury-Don Mills
12/10/2011 10:00:00 AM,1533,Major Arterial,Toronto and East York,43.693245,-79.35029,At Intersection,Traffic Signal,Clear,Daylight,Dry,Non-Fatal Injury,Pedestrian Collisions,Driver,25 to 29,,,Yes,,Yes,,,,,,,Yes,,,,Old East York
12/10/2011 10:00:00 AM,1533,Major Arterial,Toronto and East York,43.693245,-79.35029,At Intersection,Traffic Signal,Clear,Daylight,Dry,Non-Fatal Injury,Pedestrian Collisions,Pedestrian,25 to 29,Normal,,Yes,,Yes,,,,,,,Yes,,,,Old East York
7/10/2020 8:00:00 AM,900,Collector,North York,43.71229,-79.324458,Non Intersection,Stop Sign,Clear,Daylight,Dry,Non-Fatal Injury,Pedestrian Collisions,Driver,50 to 54,,,Yes,,Yes,,,,,,,Yes,,,,Flemingdon Park
11/26/2011 10:00:00 AM,1955,Major Arterial,Etobicoke York,43.756945,-79.51939,,No Control,Clear,"Dark, artificial",Dry,Non-Fatal Injury,Turning Movement,Driver,35 to 39,,,,,Yes,Yes,,,,,,Yes,,,,Glenfield-Jane Heights
11/25/2011 10:00:00 AM,958,Major Arterial,Toronto and East York,43.651645,-79.37899,At Intersection,Traffic Signal,Clear,Daylight,Dry,Non-Fatal Injury,Cyclist Collisions,Vehicle Owner,unknown,,,,Yes,Yes,,Yes,,,,,,,,,Yonge-Bay Corridor
11/25/2011 10:00:00 AM,958,Major Arterial,Toronto and East York,43.651645,-79.37899,At Intersection,Traffic Signal,Clear,Daylight,Dry,Non-Fatal Injury,Cyclist Collisions,Truck Driver,35 to 39,,,,Yes,Yes,,Yes,,,,,,,,,Yonge-Bay Corridor
11/25/2011 10:00:00 AM,958,Major Arterial,Toronto and East York,43.651645,-79.37899,At Intersection,Traffic Signal,Clear,Daylight,Dry,Non-Fatal Injury,Cyclist Collisions,Driver,55 to 59,,,,Yes,Yes,,Yes,,,,,,,,,Yonge-Bay Corridor
12/4/2011 10:00:00 AM,1620,Minor Arterial,Toronto and East York,43.667345,-79.38159,At Intersection,No Control,Clear,Daylight,Dry,Non-Fatal Injury,Pedestrian Collisions,Driver,35 to 39,,,Yes,,Yes,,,,,,,,,,,Church-Wellesley
1/26/2012 10:00:00 AM,1945,Major Arterial,North York,43.741645,-79.31239,,No Control,Rain,"Dark, artificial",Wet,Non-Fatal Injury,Pedestrian Collisions,Driver,50 to 54,,,Yes,,Yes,,,,,,,,,,,Victoria Village
12/4/2011 10:00:00 AM,1840,Major Arterial,Scarborough,43.773045,-79.28379,,Traffic Signal,Clear,"Daylight, artificial",Wet,Non-Fatal Injury,Angle,Passenger,55 to 59,,,,,Yes,,,,,Yes,,Yes,Yes,,,Dorset Park
12/4/2011 10:00:00 AM,1840,Major Arterial,Scarborough,43.773045,-79.28379,,Traffic Signal,Clear,"Daylight, artificial",Wet,Non-Fatal Injury,Angle,Driver,45 to 49,,,,,Yes,,,,,Yes,,Yes,Yes,,,Dorset Park
11/16/2011 10:00:00 AM,1655,Local,Toronto and East York,43.656945,-79.39079,,No Control,Clear,Dusk,Dry,Non-Fatal Injury,Pedestrian Collisions,Vehicle Owner,unknown,,,Yes,,Yes,,,,,,,,,,,Kensington-Chinatown
11/16/2011 10:00:00 AM,1655,Local,Toronto and East York,43.656945,-79.39079,,No Control,Clear,Dusk,Dry,Non-Fatal Injury,Pedestrian Collisions,Driver,40 to 44,,,Yes,,Yes,,,,,,,,,,,Kensington-Chinatown
12/5/2011 10:00:00 AM,1527,Local,North York,43.792145,-79.43709,At Intersection,No Control,Rain,Daylight,Wet,Non-Fatal Injury,Pedestrian Collisions,Vehicle Owner,unknown,,,Yes,,Yes,,,,,,,,,,,Newtonbrook West
12/5/2011 10:00:00 AM,1527,Local,North York,43.792145,-79.43709,At Intersection,No Control,Rain,Daylight,Wet,Non-Fatal Injury,Pedestrian Collisions,Driver,40 to 44,,,Yes,,Yes,,,,,,,,,,,Newtonbrook West
10/29/2011 8:00:00 AM,1920,Minor Arterial,Toronto and East York,43.658245,-79.37789,At Intersection,Traffic Signal,Clear,Dark,Dry,Non-Fatal Injury,Cyclist Collisions,Other,unknown,,,,Yes,Yes,,,,,,,,,,,Downtown Yonge East
10/29/2011 8:00:00 AM,1920,Minor Arterial,Toronto and East York,43.658245,-79.37789,At Intersection,Traffic Signal,Clear,Dark,Dry,Non-Fatal Injury,Cyclist Collisions,Vehicle Owner,unknown,,,,Yes,Yes,,,,,,,,,,,Downtown Yonge East
10/29/2011 8:00:00 AM,1920,Minor Arterial,Toronto and East York,43.658245,-79.37789,At Intersection,Traffic Signal,Clear,Dark,Dry,Non-Fatal Injury,Cyclist Collisions,Driver,50 to 54,,,,Yes,Yes,,,,,,,,,,,Downtown Yonge East
10/29/2011 8:00:00 AM,1920,Minor Arterial,Toronto and East York,43.658245,-79.37789,At Intersection,Traffic Signal,Clear,Dark,Dry,Non-Fatal Injury,Cyclist Collisions,Cyclist,25 to 29,,Normal,,Yes,Yes,,,,,,,,,,,Downtown Yonge East
9/9/2011 8:00:00 AM,1700,Minor Arterial,Scarborough,43.753945,-79.23419,At Intersection,No Control,Clear,Daylight,Dry,Non-Fatal Injury,Rear End,Vehicle Owner,unknown,,,,,Yes,,,,,Yes,,Yes,,,,Golfdale-Cedarbrae-Woburn
9/9/2011 8:00:00 AM,1700,Minor Arterial,Scarborough,43.753945,-79.23419,At Intersection,No Control,Clear,Daylight,Dry,Non-Fatal Injury,Rear End,Passenger,15 to 19,,,,,Yes,,,,,Yes,,Yes,,,,Golfdale-Cedarbrae-Woburn
9/9/2011 8:00:00 AM,1700,Minor Arterial,Scarborough,43.753945,-79.23419,At Intersection,No Control,Clear,Daylight,Dry,Non-Fatal Injury,Rear End,Driver,20 to 24,,,,,Yes,,,,,Yes,,Yes,,,,Golfdale-Cedarbrae-Woburn
12/5/2011 10:00:00 AM,1830,Collector,Scarborough,43.810945,-79.27099,,Stop Sign,Rain,Dark,Wet,Non-Fatal Injury,Pedestrian Collisions,Vehicle Owner,unknown,,,Yes,,Yes,,,,,,,Yes,,,,Agincourt North
12/5/2011 10:00:00 AM,1830,Collector,Scarborough,43.810945,-79.27099,,Stop Sign,Rain,Dark,Wet,Non-Fatal Injury,Pedestrian Collisions,Driver,25 to 29,,,Yes,,Yes,,,,,,,Yes,,,,Agincourt North
11/22/2011 10:00:00 AM,1851,Major Arterial,Toronto and East York,43.652345,-79.40599,,Traffic Signal,Rain,Dark,Wet,Non-Fatal Injury,Pedestrian Collisions,Pedestrian,unknown,,,Yes,,Yes,,,,,,,,,,,Kensington-Chinatown
12/10/2011 10:00:00 AM,1622,Major Arterial,Toronto and East York,43.655845,-79.39919,,No Control,Clear,Daylight,Dry,Non-Fatal Injury,Pedestrian Collisions,Vehicle Owner,unknown,,,Yes,,Yes,,,,,,,,,,,Kensington-Chinatown
12/10/2011 10:00:00 AM,1622,Major Arterial,Toronto and East York,43.655845,-79.39919,,No Control,Clear,Daylight,Dry,Non-Fatal Injury,Pedestrian Collisions,Driver,20 to 24,,,Yes,,Yes,,,,,,,,,,,Kensington-Chinatown
12/10/2011 10:00:00 AM,2252,Minor Arterial,Toronto and East York,43.665444,-79.35259,At Intersection,Traffic Signal,Clear,Dark,Dry,Non-Fatal Injury,Pedestrian Collisions,Driver,45 to 49,,,Yes,,Yes,,,,,,,Yes,Yes,,,South Riverdale
2/1/2012 10:00:00 AM,2100,Major Arterial,Scarborough,43.776445,-79.23179,At Intersection,Traffic Signal,Clear,"Dark, artificial",Dry,Non-Fatal Injury,Pedestrian Collisions,Driver,60 to 64,,,Yes,,Yes,,,,,,,,,,,Woburn North
2/2/2012 10:00:00 AM,1545,Major Arterial,North York,43.744445,-79.48799,,No Control,Clear,Daylight,Dry,Non-Fatal Injury,SMV Other,Vehicle Owner,unknown,,,,,,,,Yes,,Yes,,,,,,Downsview
2/2/2012 10:00:00 AM,1545,Major Arterial,North York,43.744445,-79.48799,,No Control,Clear,Daylight,Dry,Non-Fatal Injury,SMV Other,Driver,40 to 44,,,,,,,,Yes,,Yes,,,,,,Downsview
1/29/2012 10:00:00 AM,2258,,Etobicoke York,43.620745,-79.51189,,No Control,Clear,Dark,Dry,Non-Fatal Injury,Rear End,Passenger,20 to 24,,,,,Yes,,,,,Yes,,Yes,,,,Stonegate-Queensway
1/29/2012 10:00:00 AM,2258,,Etobicoke York,43.620745,-79.51189,,No Control,Clear,Dark,Dry,Non-Fatal Injury,Rear End,Driver,35 to 39,,,,,Yes,,,,,Yes,,Yes,,,,Stonegate-Queensway
1/29/2012 10:00:00 AM,2258,,Etobicoke York,43.620745,-79.51189,,No Control,Clear,Dark,Dry,Non-Fatal Injury,Rear End,Driver,25 to 29,,,,,Yes,,,,,Yes,,Yes,,,,Stonegate-Queensway
1/29/2012 10:00:00 AM,2258,,Etobicoke York,43.620745,-79.51189,,No Control,Clear,Dark,Dry,Non-Fatal Injury,Rear End,Vehicle Owner,unknown,,,,,Yes,,,,,Yes,,Yes,,,,Stonegate-Queensway
1/26/2012 10:00:00 AM,2130,Major Arterial,Toronto and East York,43.658845,-79.34989,At Intersection,Traffic Signal,Rain,"Dusk, artificial",Wet,Non-Fatal Injury,Pedestrian Collisions,Driver,unknown,,,Yes,,Yes,,,,,,,Yes,,,,South Riverdale
1/27/2012 10:00:00 AM,1800,Minor Arterial,Toronto and East York,43.665445,-79.35259,At Intersection,Traffic Signal,Clear,"Dark, artificial",Dry,Non-Fatal Injury,Pedestrian Collisions,Driver,unknown,,,Yes,,Yes,,,,,,,,,,,South Riverdale
12/4/2011 10:00:00 AM,2210,Major Arterial,Scarborough,43.735545,-79.25319,,Traffic Signal,Rain,"Dark, artificial",Wet,Non-Fatal Injury,Pedestrian Collisions,Driver,20 to 24,,,Yes,,Yes,,,,,,,,,,,Kennedy Park
2/8/2012 10:00:00 AM,1623,Major Arterial,Etobicoke York,43.752082,-79.542362,At Intersection,Traffic Signal,Clear,"Dusk, artificial",Dry,Non-Fatal Injury,Pedestrian Collisions,Vehicle Owner,unknown,,,Yes,,,,,Yes,,,,,,,,Humbermede
2/8/2012 10:00:00 AM,1623,Major Arterial,Etobicoke York,43.752082,-79.542362,At Intersection,Traffic Signal,Clear,"Dusk, artificial",Dry,Non-Fatal Injury,Pedestrian Collisions,Driver,45 to 49,,,Yes,,,,,Yes,,,,,,,,Humbermede
2/8/2012 10:00:00 AM,1307,Minor Arterial,Toronto and East York,43.667545,-79.34279,At Intersection,Traffic Signal,Clear,Daylight,Dry,Non-Fatal Injury,Turning Movement,Driver,35 to 39,,,,,Yes,,,,,Yes,,Yes,,,,South Riverdale
2/8/2012 10:00:00 AM,1307,Minor Arterial,Toronto and East York,43.667545,-79.34279,At Intersection,Traffic Signal,Clear,Daylight,Dry,Non-Fatal Injury,Turning Movement,Passenger,45 to 49,,,,,Yes,,,,,Yes,,Yes,,,,South Riverdale
2/8/2012 10:00:00 AM,1307,Minor Arterial,Toronto and East York,43.667545,-79.34279,At Intersection,Traffic Signal,Clear,Daylight,Dry,Non-Fatal Injury,Turning Movement,Passenger,65 to 69,,,,,Yes,,,,,Yes,,Yes,,,,South Riverdale
2/8/2012 10:00:00 AM,1307,Minor Arterial,Toronto and East York,43.667545,-79.34279,At Intersection,Traffic Signal,Clear,Daylight,Dry,Non-Fatal Injury,Turning Movement,Driver,40 to 44,,,,,Yes,,,,,Yes,,Yes,,,,South Riverdale
12/15/2011 10:00:00 AM,711,Major Arterial,Scarborough,43.836589,-79.251178,,Traffic Signal,Rain,"Dark, artificial",Wet,Non-Fatal Injury,Pedestrian Collisions,Driver,unknown,,,Yes,,,,,Yes,,,,Yes,,,,Morningside Heights
12/15/2011 10:00:00 AM,950,Major Arterial,Toronto and East York,43.649845,-79.38079,At Intersection,Traffic Signal,Rain,Daylight,Wet,Non-Fatal Injury,Cyclist Collisions,Vehicle Owner,unknown,,,,Yes,Yes,,,,,,,,,,,Yonge-Bay Corridor
12/15/2011 10:00:00 AM,950,Major Arterial,Toronto and East York,43.649845,-79.38079,At Intersection,Traffic Signal,Rain,Daylight,Wet,Non-Fatal Injury,Cyclist Collisions,Driver,40 to 44,,,,Yes,Yes,,,,,,,,,,,Yonge-Bay Corridor
2/10/2012 10:00:00 AM,1725,Major Arterial,Toronto and East York,43.646445,-79.37679,,No Control,Drifting Snow,"Dusk, artificial",Dry,Non-Fatal Injury,Pedestrian Collisions,Truck Driver,65 to 69,,,Yes,,,,Yes,,,,,,,,,St Lawrence-East Bayfront-The Islands
2/10/2012 10:00:00 AM,1850,Major Arterial,Etobicoke York,43.769145,-79.55219,,No Control,Clear,"Dark, artificial",Dry,Non-Fatal Injury,Rear End,Driver,35 to 39,,,,,Yes,,,,,Yes,,Yes,,,,NSA
2/10/2012 10:00:00 AM,1850,Major Arterial,Etobicoke York,43.769145,-79.55219,,No Control,Clear,"Dark, artificial",Dry,Non-Fatal Injury,Rear End,Passenger,10 to 14,,,,,Yes,,,,,Yes,,Yes,,,,NSA
2/10/2012 10:00:00 AM,1850,Major Arterial,Etobicoke York,43.769145,-79.55219,,No Control,Clear,"Dark, artificial",Dry,Non-Fatal Injury,Rear End,Passenger,5 to 9,,,,,Yes,,,,,Yes,,Yes,,,,NSA
2/10/2012 10:00:00 AM,1850,Major Arterial,Etobicoke York,43.769145,-79.55219,,No Control,Clear,"Dark, artificial",Dry,Non-Fatal Injury,Rear End,Passenger,60 to 64,,,,,Yes,,,,,Yes,,Yes,,,,NSA
2/10/2012 10:00:00 AM,1850,Major Arterial,Etobicoke York,43.769145,-79.55219,,No Control,Clear,"Dark, artificial",Dry,Non-Fatal Injury,Rear End,Vehicle Owner,unknown,,,,,Yes,,,,,Yes,,Yes,,,,NSA
2/10/2012 10:00:00 AM,1850,Major Arterial,Etobicoke York,43.769145,-79.55219,,No Control,Clear,"Dark, artificial",Dry,Non-Fatal Injury,Rear End,Driver,20 to 24,,,,,Yes,,,,,Yes,,Yes,,,,NSA
2/10/2012 10:00:00 AM,1850,Major Arterial,Etobicoke York,43.769145,-79.55219,,No Control,Clear,"Dark, artificial",Dry,Non-Fatal Injury,Rear End,Driver,45 to 49,,,,,Yes,,,,,Yes,,Yes,,,,NSA
2/10/2012 10:00:00 AM,1850,Major Arterial,Etobicoke York,43.769145,-79.55219,,No Control,Clear,"Dark, artificial",Dry,Non-Fatal Injury,Rear End,Other,unknown,,,,,Yes,,,,,Yes,,Yes,,,,NSA
2/10/2012 10:00:00 AM,1850,Major Arterial,Etobicoke York,43.769145,-79.55219,,No Control,Clear,"Dark, artificial",Dry,Non-Fatal Injury,Rear End,Passenger,40 to 44,,,,,Yes,,,,,Yes,,Yes,,,,NSA
2/12/2012 10:00:00 AM,404,Major Arterial,Toronto and East York,43.657745,-79.37299,At Intersection,No Control,Clear,"Dark, artificial",Loose Snow,Non-Fatal Injury,SMV Other,Passenger,15 to 19,,,,,Yes,,,,,Yes,Yes,Yes,,Yes,,Moss Park
2/12/2012 10:00:00 AM,404,Major Arterial,Toronto and East York,43.657745,-79.37299,At Intersection,No Control,Clear,"Dark, artificial",Loose Snow,Non-Fatal Injury,SMV Other,Driver,35 to 39,,,,,Yes,,,,,Yes,Yes,Yes,,Yes,,Moss Park
12/20/2011 10:00:00 AM,1430,Major Arterial,Toronto and East York,43.648445,-79.39779,,No Control,Clear,Daylight,Dry,Non-Fatal Injury,Cyclist Collisions,Driver,20 to 24,,,,Yes,Yes,,,,,,,,,,,Wellington Place
2/15/2012 10:00:00 AM,1100,Minor Arterial,Etobicoke York,43.631445,-79.55229,At Intersection,Traffic Signal,Clear,Daylight,Dry,Non-Fatal Injury,Turning Movement,Driver,65 to 69,,,,,Yes,,,,,Yes,,,,,,Etobicoke City Centre
2/15/2012 10:00:00 AM,1100,Minor Arterial,Etobicoke York,43.631445,-79.55229,At Intersection,Traffic Signal,Clear,Daylight,Dry,Non-Fatal Injury,Turning Movement,Driver,25 to 29,,,,,Yes,,,,,Yes,,,,,,Etobicoke City Centre
2/15/2012 10:00:00 AM,1526,Major Arterial,North York,43.726045,-79.48189,At Intersection,No Control,Clear,Daylight,Dry,Non-Fatal Injury,Pedestrian Collisions,Vehicle Owner,unknown,,,Yes,,Yes,,Yes,,,,,,,,,Downsview
2/15/2012 10:00:00 AM,1526,Major Arterial,North York,43.726045,-79.48189,At Intersection,No Control,Clear,Daylight,Dry,Non-Fatal Injury,Pedestrian Collisions,Truck Driver,40 to 44,,,Yes,,Yes,,Yes,,,,,,,,,Downsview
2/15/2012 10:00:00 AM,1526,Major Arterial,North York,43.726045,-79.48189,At Intersection,No Control,Clear,Daylight,Dry,Non-Fatal Injury,Pedestrian Collisions,Driver,25 to 29,,,Yes,,Yes,,Yes,,,,,,,,,Downsview
2/15/2012 10:00:00 AM,1526,Major Arterial,North York,43.726045,-79.48189,At Intersection,No Control,Clear,Daylight,Dry,Non-Fatal Injury,Pedestrian Collisions,Other,unknown,,,Yes,,Yes,,Yes,,,,,,,,,Downsview
2/16/2012 10:00:00 AM,1942,Major Arterial,North York,43.797945,-79.42009,At Intersection,Traffic Signal,Clear,Dark,Wet,Non-Fatal Injury,Pedestrian Collisions,Other,unknown,,,Yes,,Yes,,,,,Yes,Yes,Yes,,,,Newtonbrook West
2/16/2012 10:00:00 AM,1942,Major Arterial,North York,43.797945,-79.42009,At Intersection,Traffic Signal,Clear,Dark,Wet,Non-Fatal Injury,Pedestrian Collisions,Passenger,55 to 59,,,Yes,,Yes,,,,,Yes,Yes,Yes,,,,Newtonbrook West
2/16/2012 10:00:00 AM,1942,Major Arterial,North York,43.797945,-79.42009,At Intersection,Traffic Signal,Clear,Dark,Wet,Non-Fatal Injury,Pedestrian Collisions,Vehicle Owner,unknown,,,Yes,,Yes,,,,,Yes,Yes,Yes,,,,Newtonbrook West
2/16/2012 10:00:00 AM,1942,Major Arterial,North York,43.797945,-79.42009,At Intersection,Traffic Signal,Clear,Dark,Wet,Non-Fatal Injury,Pedestrian Collisions,Driver,55 to 59,,,Yes,,Yes,,,,,Yes,Yes,Yes,,,,Newtonbrook West
2/16/2012 10:00:00 AM,1942,Major Arterial,North York,43.797945,-79.42009,At Intersection,Traffic Signal,Clear,Dark,Wet,Non-Fatal Injury,Pedestrian Collisions,Passenger,15 to 19,,,Yes,,Yes,,,,,Yes,Yes,Yes,,,,Newtonbrook West
2/16/2012 10:00:00 AM,1942,Major Arterial,North York,43.797945,-79.42009,At Intersection,Traffic Signal,Clear,Dark,Wet,Non-Fatal Injury,Pedestrian Collisions,Driver,20 to 24,,,Yes,,Yes,,,,,Yes,Yes,Yes,,,,Newtonbrook West
2/4/2012 10:00:00 AM,630,Major Arterial,Scarborough,43.821345,-79.31689,At Intersection,Traffic Signal,Clear,"Dark, artificial",Dry,Non-Fatal Injury,Pedestrian Collisions,Driver,unknown,,,Yes,,Yes,,,,,,,Yes,,,,Steeles
12/21/2011 10:00:00 AM,1807,Major Arterial,Etobicoke York,43.691045,-79.47099,,No Control,Clear,Dark,Dry,Non-Fatal Injury,Pedestrian Collisions,Vehicle Owner,unknown,,,Yes,,Yes,,,,,,,,,,,Keelesdale-Eglinton West
12/21/2011 10:00:00 AM,1807,Major Arterial,Etobicoke York,43.691045,-79.47099,,No Control,Clear,Dark,Dry,Non-Fatal Injury,Pedestrian Collisions,Driver,45 to 49,,,Yes,,Yes,,,,,,,,,,,Keelesdale-Eglinton West
12/21/2011 10:00:00 AM,1710,Major Arterial,North York,43.720345,-79.42439,,No Control,Rain,Dark,Wet,Non-Fatal Injury,Pedestrian Collisions,Driver,70 to 74,,,Yes,,Yes,,,,,,,,,,,Bedford Park-Nortown
12/22/2011 10:00:00 AM,1128,Major Arterial,North York,43.713545,-79.36479,At Intersection,Traffic Signal,Clear,Daylight,Dry,Non-Fatal Injury,Pedestrian Collisions,Driver,70 to 74,,,Yes,,Yes,,,,,,,Yes,,,,Thorncliffe Park
12/25/2011 10:00:00 AM,1740,Major Arterial,Toronto and East York,43.682945,-79.44509,,No Control,Clear,"Dark, artificial",Dry,Non-Fatal Injury,SMV Unattended Vehicle,Passenger,15 to 19,,,,,Yes,,,,,Yes,,Yes,,,,Corso Italia-Davenport
12/25/2011 10:00:00 AM,1740,Major Arterial,Toronto and East York,43.682945,-79.44509,,No Control,Clear,"Dark, artificial",Dry,Non-Fatal Injury,SMV Unattended Vehicle,Driver,20 to 24,,,,,Yes,,,,,Yes,,Yes,,,,Corso Italia-Davenport
12/28/2011 10:00:00 AM,1339,Major Arterial,North York,43.726945,-79.45759,,Traffic Signal,Clear,Daylight,Dry,Non-Fatal Injury,Pedestrian Collisions,Driver,15 to 19,,,Yes,,Yes,,,,,,,Yes,,,,Yorkdale-Glen Park
12/27/2011 10:00:00 AM,1404,Major Arterial,Toronto and East York,43.677045,-79.44739,,Traffic Signal,Rain,Daylight,Wet,Non-Fatal Injury,Cyclist Collisions,Driver,25 to 29,,,,Yes,Yes,,,,,,,,,,,Corso Italia-Davenport
12/27/2011 10:00:00 AM,1920,Other,Etobicoke York,43.706245,-79.59139,,No Control,Snow,Dark,Loose Snow,Non-Fatal Injury,SMV Other,Driver,65 to 69,,,,,Yes,,,,,Yes,Yes,Yes,,,,West Humber-Clairville
12/27/2011 10:00:00 AM,1740,Minor Arterial,Etobicoke York,43.631445,-79.55229,,Traffic Signal,Rain,Dark,Wet,Non-Fatal Injury,Pedestrian Collisions,Driver,65 to 69,,,Yes,,Yes,,,,,,,Yes,,,,Etobicoke City Centre
12/29/2011 10:00:00 AM,331,Minor Arterial,Scarborough,43.805645,-79.21789,,No Control,Clear,Dark,Dry,Non-Fatal Injury,SMV Other,Driver,20 to 24,,,,,Yes,,,,,Yes,Yes,Yes,,Yes,,Malvern East
12/29/2011 10:00:00 AM,331,Minor Arterial,Scarborough,43.805645,-79.21789,,No Control,Clear,Dark,Dry,Non-Fatal Injury,SMV Other,Other Property Owner,unknown,,,,,Yes,,,,,Yes,Yes,Yes,,Yes,,Malvern East
2/28/2012 10:00:00 AM,2356,Major Arterial,North York,43.753445,-79.43799,,No Control,Clear,"Dark, artificial",Dry,Non-Fatal Injury,Pedestrian Collisions,Passenger,25 to 29,,,Yes,,Yes,,,,,Yes,,,,,,Clanton Park
2/28/2012 10:00:00 AM,2356,Major Arterial,North York,43.753445,-79.43799,,No Control,Clear,"Dark, artificial",Dry,Non-Fatal Injury,Pedestrian Collisions,Vehicle Owner,unknown,,,Yes,,Yes,,,,,Yes,,,,,,Clanton Park
2/28/2012 10:00:00 AM,2356,Major Arterial,North York,43.753445,-79.43799,,No Control,Clear,"Dark, artificial",Dry,Non-Fatal Injury,Pedestrian Collisions,Driver,25 to 29,,,Yes,,Yes,,,,,Yes,,,,,,Clanton Park
2/29/2012 10:00:00 AM,1849,Minor Arterial,Toronto and East York,43.640045,-79.43709,,No Control,Rain,Dark,Wet,Non-Fatal Injury,Pedestrian Collisions,Driver,25 to 29,,,Yes,,Yes,,,,,,,,,,,South Parkdale
12/30/2011 10:00:00 AM,1826,Major Arterial,North York,43.696445,-79.45079,,Stop Sign,Rain,Dusk,Wet,Non-Fatal Injury,Pedestrian Collisions,Driver,40 to 44,,,Yes,,Yes,,,,,,,,,,,Briar Hill-Belgravia
12/31/2011 10:00:00 AM,1945,Major Arterial,Toronto and East York,43.646245,-79.38409,,No Control,Clear,"Dark, artificial",Dry,Non-Fatal Injury,Pedestrian Collisions,Vehicle Owner,unknown,,,Yes,,Yes,,,,,,,,,,,Yonge-Bay Corridor
12/31/2011 10:00:00 AM,1945,Major Arterial,Toronto and East York,43.646245,-79.38409,,No Control,Clear,"Dark, artificial",Dry,Non-Fatal Injury,Pedestrian Collisions,Driver,40 to 44,,,Yes,,Yes,,,,,,,,,,,Yonge-Bay Corridor
3/3/2012 10:00:00 AM,2322,Major Arterial,Scarborough,43.708745,-79.24979,At Intersection,Traffic Signal,Clear,"Dark, artificial",Dry,Non-Fatal Injury,Pedestrian Collisions,Driver,70 to 74,,,Yes,,Yes,,,,,,,,,,,Birchcliffe-Cliffside
12/25/2011 10:00:00 AM,1000,Major Arterial,Etobicoke York,43.689745,-79.47489,,No Control,Clear,Daylight,Dry,Non-Fatal Injury,Pedestrian Collisions,Pedestrian,30 to 34,,,Yes,,Yes,,,,,,,Yes,,,,Keelesdale-Eglinton West