DATE,TIME,ROAD_CLASS,DISTRICT,LATITUDE,LONGITUDE,ACCLOC,TRAFFCTL,VISIBILITY,LIGHT,RDSFCOND,ACCLASS,IMPACTYPE,INVTYPE,INVAGE,PEDCOND,CYCCOND,PEDESTRIAN,CYCLIST,AUTOMOBILE,MOTORCYCLE,TRUCK,TRSN_CITY_VEH,EMERG_VEH,PASSENGER,SPEEDING,AG_DRIV,REDLIGHT,ALCOHOL,DISABILITY,NEIGHBOURHOOD_158
4/10/2013 8:00:00 AM,1110,Minor Arterial,Scarborough,43.818945,-79.26739,At Intersection,Stop Sign,Rain,Daylight,Wet,Non-Fatal Injury,Turning Movement,Passenger,35 to 39,,,,,Yes,,,,,Yes,,Yes,,,,Milliken
4/10/2013 8:00:00 AM,1110,Minor Arterial,Scarborough,43.818945,-79.26739,At Intersection,Stop Sign,Rain,Daylight,Wet,Non-Fatal Injury,Turning Movement,Driver,50 to 54,,,,,Yes,,,,,Yes,,Yes,,,,Milliken
5/15/2013 8:00:00 AM,314,Major Arterial,North York,43.719538,-79.401126,At Intersection,Traffic Signal,Clear,"Dark, artificial",Dry,Non-Fatal Injury,Pedestrian Collisions,Vehicle Owner,unknown,,,Yes,,Yes,,,Yes,,,,,,,,Lawrence Park South
5/15/2013 8:00:00 AM,314,Major Arterial,North York,43.719538,-79.401126,At Intersection,Traffic Signal,Clear,"Dark, artificial",Dry,Non-Fatal Injury,Pedestrian Collisions,Driver - Not Hit,unknown,,,Yes,,Yes,,,Yes,,,,,,,,Lawrence Park South
5/15/2013 8:00:00 AM,314,Major Arterial,North York,43.719538,-79.401126,At Intersection,Traffic Signal,Clear,"Dark, artificial",Dry,Non-Fatal Injury,Pedestrian Collisions,Driver,45 to 49,,,Yes,,Yes,,,Yes,,,,,,,,Lawrence Park South
4/17/2013 8:00:00 AM,1726,Local,Toronto and East York,43.679245,-79.30459,At Intersection,Stop Sign,Clear,Daylight,Dry,Non-Fatal Injury,Pedestrian Collisions,Driver,50 to 54,,,Yes,,Yes,,,,,,,,,,,East End-Danforth
5/16/2013 8:00:00 AM,1717,Major Arterial,Toronto and East York,43.656409,-79.40768,At Intersection,Traffic Signal,Clear,Daylight,Dry,Non-Fatal Injury,Pedestrian Collisions,Driver,50 to 54,,,Yes,,Yes,,,,,,,,,,,Kensington-Chinatown
5/18/2013 8:00:00 AM,2240,Major Arterial,North York,43.697445,-79.44219,,No Control,Clear,"Dark, artificial",Dry,Non-Fatal Injury,Pedestrian Collisions,Driver,50 to 54,,,Yes,,Yes,,,,,,,,,,,Briar Hill-Belgravia
5/18/2013 8:00:00 AM,2240,Major Arterial,North York,43.697445,-79.44219,,No Control,Clear,"Dark, artificial",Dry,Non-Fatal Injury,Pedestrian Collisions,Vehicle Owner,unknown,,,Yes,,Yes,,,,,,,,,,,Briar Hill-Belgravia
5/18/2013 8:00:00 AM,2240,Major Arterial,North York,43.697445,-79.44219,,No Control,Clear,"Dark, artificial",Dry,Non-Fatal Injury,Pedestrian Collisions,Driver,15 to 19,,,Yes,,Yes,,,,,,,,,,,Briar Hill-Belgravia
4/23/2013 8:00:00 AM,1800,Major Arterial,Etobicoke York,43.671645,-79.493686,At Intersection,Traffic Signal,Clear,Daylight,Dry,Non-Fatal Injury,Cyclist Collisions,Driver,50 to 54,,,,Yes,Yes,,,,,,,,,,,Rockcliffe-Smythe
4/22/2013 8:00:00 AM,1514,Collector,Etobicoke York,43.669645,-79.46799,,No Control,Clear,Daylight,Dry,Non-Fatal Injury,Turning Movement,Driver,35 to 39,,,,,Yes,Yes,,,,,,Yes,,,,Junction Area
4/22/2013 8:00:00 AM,1514,Collector,Etobicoke York,43.669645,-79.46799,,No Control,Clear,Daylight,Dry,Non-Fatal Injury,Turning Movement,Motorcycle Driver,50 to 54,,,,,Yes,Yes,,,,,,Yes,,,,Junction Area
4/24/2013 8:00:00 AM,1138,Major Arterial,North York,43.811145,-79.36079,At Intersection,Traffic Signal,Rain,Daylight,Wet,Non-Fatal Injury,Angle,Driver,45 to 49,,,,,Yes,,,,,Yes,,Yes,Yes,,,Hillcrest Village
4/24/2013 8:00:00 AM,1138,Major Arterial,North York,43.811145,-79.36079,At Intersection,Traffic Signal,Rain,Daylight,Wet,Non-Fatal Injury,Angle,Driver,20 to 24,,,,,Yes,,,,,Yes,,Yes,Yes,,,Hillcrest Village
4/24/2013 8:00:00 AM,1624,Major Arterial,Scarborough,43.774745,-79.18869,,No Control,Rain,Daylight,Wet,Non-Fatal Injury,Sideswipe,Driver,15 to 19,,,,,Yes,,,Yes,,,,Yes,,,,West Hill
4/25/2013 8:00:00 AM,1314,Major Arterial,Toronto and East York,43.653745,-79.37329,At Intersection,Traffic Signal,Clear,Daylight,Dry,Non-Fatal Injury,Pedestrian Collisions,Vehicle Owner,unknown,,,Yes,,Yes,,,,,,,,,,,Downtown Yonge East
4/25/2013 8:00:00 AM,1314,Major Arterial,Toronto and East York,43.653745,-79.37329,At Intersection,Traffic Signal,Clear,Daylight,Dry,Non-Fatal Injury,Pedestrian Collisions,Driver,20 to 24,,,Yes,,Yes,,,,,,,,,,,Downtown Yonge East
7/21/2020 8:00:00 AM,1835,Major Arterial,Etobicoke York,43.644133,-79.45827,At Intersection,Stop Sign,Clear,Daylight,Dry,Non-Fatal Injury,Cyclist Collisions,Driver,60 to 64,,,,Yes,Yes,,,,,,,Yes,,,,High Park-Swansea
4/28/2013 8:00:00 AM,1241,Major Arterial,Toronto and East York,43.658345,-79.44269,At Intersection,Traffic Signal,Clear,Daylight,Dry,Non-Fatal Injury,Turning Movement,Motorcycle Driver,50 to 54,,,,,Yes,Yes,,,,,Yes,Yes,,,,Dufferin Grove
6/1/2013 8:00:00 AM,242,Major Arterial,Toronto and East York,43.659735,-79.409045,Intersection Related,No Control,Clear,"Dark, artificial",Dry,Non-Fatal Injury,Pedestrian Collisions,Driver,30 to 34,,,Yes,,Yes,,,,,,,,,,,University
6/1/2013 8:00:00 AM,847,Minor Arterial,Etobicoke York,43.628859,-79.503635,,No Control,Clear,Daylight,Dry,Non-Fatal Injury,Pedestrian Collisions,Vehicle Owner,unknown,,,Yes,,Yes,,,,,,,,,,,Stonegate-Queensway
6/1/2013 8:00:00 AM,847,Minor Arterial,Etobicoke York,43.628859,-79.503635,,No Control,Clear,Daylight,Dry,Non-Fatal Injury,Pedestrian Collisions,Driver,55 to 59,,,Yes,,Yes,,,,,,,,,,,Stonegate-Queensway
6/3/2013 8:00:00 AM,1309,Major Arterial,North York,43.698445,-79.43729,At Intersection,No Control,Clear,Daylight,Dry,Non-Fatal Injury,Cyclist Collisions,Vehicle Owner,unknown,,,,Yes,,,,Yes,,,,,,,,Oakwood Village
6/3/2013 8:00:00 AM,1309,Major Arterial,North York,43.698445,-79.43729,At Intersection,No Control,Clear,Daylight,Dry,Non-Fatal Injury,Cyclist Collisions,Driver,50 to 54,,,,Yes,,,,Yes,,,,,,,,Oakwood Village
6/4/2013 8:00:00 AM,1120,Major Arterial,Etobicoke York,43.617445,-79.54199,,No Control,Clear,Daylight,Dry,Non-Fatal Injury,Cyclist Collisions,Vehicle Owner,unknown,,,,Yes,Yes,,,,,,,,,,,Etobicoke City Centre
6/4/2013 8:00:00 AM,1120,Major Arterial,Etobicoke York,43.617445,-79.54199,,No Control,Clear,Daylight,Dry,Non-Fatal Injury,Cyclist Collisions,Driver,25 to 29,,,,Yes,Yes,,,,,,,,,,,Etobicoke City Centre
6/7/2013 8:00:00 AM,1907,Major Arterial,Toronto and East York,43.645445,-79.37889,,No Control,Clear,Dusk,Dry,Non-Fatal Injury,Rear End,Vehicle Owner,unknown,,,,,Yes,,,,,Yes,,,,,Yes,St Lawrence-East Bayfront-The Islands
6/7/2013 8:00:00 AM,1907,Major Arterial,Toronto and East York,43.645445,-79.37889,,No Control,Clear,Dusk,Dry,Non-Fatal Injury,Rear End,Driver,55 to 59,,,,,Yes,,,,,Yes,,,,,Yes,St Lawrence-East Bayfront-The Islands
6/7/2013 8:00:00 AM,1907,Major Arterial,Toronto and East York,43.645445,-79.37889,,No Control,Clear,Dusk,Dry,Non-Fatal Injury,Rear End,Passenger,55 to 59,,,,,Yes,,,,,Yes,,,,,Yes,St Lawrence-East Bayfront-The Islands
6/9/2013 8:00:00 AM,340,Major Arterial,Toronto and East York,43.648554,-79.397273,,No Control,Clear,"Dark, artificial",Dry,Non-Fatal Injury,Pedestrian Collisions,Vehicle Owner,unknown,,,Yes,,Yes,,,,,,,,,,,Wellington Place
6/9/2013 8:00:00 AM,340,Major Arterial,Toronto and East York,43.648554,-79.397273,,No Control,Clear,"Dark, artificial",Dry,Non-Fatal Injury,Pedestrian Collisions,Pedestrian,20 to 24,Unknown,,Yes,,Yes,,,,,,,,,,,Wellington Place
6/9/2013 8:00:00 AM,340,Major Arterial,Toronto and East York,43.648554,-79.397273,,No Control,Clear,"Dark, artificial",Dry,Non-Fatal Injury,Pedestrian Collisions,Driver,unknown,,,Yes,,Yes,,,,,,,,,,,Wellington Place
6/12/2013 8:00:00 AM,1157,Major Arterial,Toronto and East York,43.693645,-79.34819,At Intersection,Traffic Signal,Clear,Daylight,Dry,Non-Fatal Injury,Cyclist Collisions,Passenger,15 to 19,,,,Yes,Yes,,,,,Yes,,,,,,Old East York
6/12/2013 8:00:00 AM,1157,Major Arterial,Toronto and East York,43.693645,-79.34819,At Intersection,Traffic Signal,Clear,Daylight,Dry,Non-Fatal Injury,Cyclist Collisions,Vehicle Owner,unknown,,,,Yes,Yes,,,,,Yes,,,,,,Old East York
6/12/2013 8:00:00 AM,1157,Major Arterial,Toronto and East York,43.693645,-79.34819,At Intersection,Traffic Signal,Clear,Daylight,Dry,Non-Fatal Injury,Cyclist Collisions,Driver,50 to 54,,,,Yes,Yes,,,,,Yes,,,,,,Old East York
6/15/2013 8:00:00 AM,1336,Local,Toronto and East York,43.650237,-79.40652,,No Control,Clear,Daylight,Dry,Non-Fatal Injury,Pedestrian Collisions,Driver,45 to 49,,,Yes,,Yes,,,,,,,,,,,Trinity-Bellwoods
6/15/2013 8:00:00 AM,1924,Major Arterial,Scarborough,43.725145,-79.23239,,Traffic Signal,Clear,Daylight,Dry,Non-Fatal Injury,Pedestrian Collisions,Driver,80 to 84,,,Yes,,Yes,,,,,,,Yes,,,,Cliffcrest
6/16/2013 8:00:00 AM,1923,Major Arterial,Etobicoke York,43.684945,-79.47279,At Intersection,Traffic Signal,Clear,Daylight,Dry,Non-Fatal Injury,Pedestrian Collisions,Driver,50 to 54,,,Yes,,Yes,,,Yes,,Yes,,,,,,Keelesdale-Eglinton West
6/16/2013 8:00:00 AM,1923,Major Arterial,Etobicoke York,43.684945,-79.47279,At Intersection,Traffic Signal,Clear,Daylight,Dry,Non-Fatal Injury,Pedestrian Collisions,Passenger,0 to 4,,,Yes,,Yes,,,Yes,,Yes,,,,,,Keelesdale-Eglinton West
6/16/2013 8:00:00 AM,1923,Major Arterial,Etobicoke York,43.684945,-79.47279,At Intersection,Traffic Signal,Clear,Daylight,Dry,Non-Fatal Injury,Pedestrian Collisions,Passenger,5 to 9,,,Yes,,Yes,,,Yes,,Yes,,,,,,Keelesdale-Eglinton West
6/16/2013 8:00:00 AM,1923,Major Arterial,Etobicoke York,43.684945,-79.47279,At Intersection,Traffic Signal,Clear,Daylight,Dry,Non-Fatal Injury,Pedestrian Collisions,Vehicle Owner,unknown,,,Yes,,Yes,,,Yes,,Yes,,,,,,Keelesdale-Eglinton West
6/16/2013 8:00:00 AM,1923,Major Arterial,Etobicoke York,43.684945,-79.47279,At Intersection,Traffic Signal,Clear,Daylight,Dry,Non-Fatal Injury,Pedestrian Collisions,Driver,40 to 44,,,Yes,,Yes,,,Yes,,Yes,,,,,,Keelesdale-Eglinton West
5/5/2013 8:00:00 AM,1425,Local,Scarborough,43.785245,-79.27169,,No Control,Clear,Daylight,Dry,Non-Fatal Injury,Cyclist Collisions,Driver,65 to 69,,,,Yes,Yes,,,,,,,,,,,Agincourt South-Malvern West
5/6/2013 8:00:00 AM,1742,Major Arterial,Scarborough,43.785369,-79.256465,,Traffic Signal,Clear,Daylight,Dry,Non-Fatal Injury,Sideswipe,Vehicle Owner,unknown,,,,,Yes,,,Yes,,Yes,,,,,,Agincourt South-Malvern West
5/6/2013 8:00:00 AM,1742,Major Arterial,Scarborough,43.785369,-79.256465,,Traffic Signal,Clear,Daylight,Dry,Non-Fatal Injury,Sideswipe,Driver,30 to 34,,,,,Yes,,,Yes,,Yes,,,,,,Agincourt South-Malvern West
5/6/2013 8:00:00 AM,1742,Major Arterial,Scarborough,43.785369,-79.256465,,Traffic Signal,Clear,Daylight,Dry,Non-Fatal Injury,Sideswipe,Passenger,20 to 24,,,,,Yes,,,Yes,,Yes,,,,,,Agincourt South-Malvern West
5/6/2013 8:00:00 AM,1742,Major Arterial,Scarborough,43.785369,-79.256465,,Traffic Signal,Clear,Daylight,Dry,Non-Fatal Injury,Sideswipe,Driver,20 to 24,,,,,Yes,,,Yes,,Yes,,,,,,Agincourt South-Malvern West
5/6/2013 8:00:00 AM,1530,Collector,Etobicoke York,43.619745,-79.49649,At Intersection,No Control,Clear,Daylight,Dry,Non-Fatal Injury,Pedestrian Collisions,Driver,60 to 64,,,Yes,,Yes,,,,,,,,,,,Mimico-Queensway
5/7/2013 8:00:00 AM,948,Major Arterial,Toronto and East York,43.692645,-79.315791,,No Control,Clear,Daylight,Dry,Non-Fatal Injury,Cyclist Collisions,Vehicle Owner,unknown,,,,Yes,Yes,,,,,,,,,,,Woodbine-Lumsden
5/7/2013 8:00:00 AM,948,Major Arterial,Toronto and East York,43.692645,-79.315791,,No Control,Clear,Daylight,Dry,Non-Fatal Injury,Cyclist Collisions,Driver,55 to 59,,,,Yes,Yes,,,,,,,,,,,Woodbine-Lumsden
6/23/2013 8:00:00 AM,1620,Major Arterial,Toronto and East York,43.633645,-79.43659,,No Control,Clear,Daylight,Dry,Non-Fatal Injury,Rear End,Driver,35 to 39,,,,,Yes,,,,,Yes,,Yes,,,,South Parkdale
6/23/2013 8:00:00 AM,1620,Major Arterial,Toronto and East York,43.633645,-79.43659,,No Control,Clear,Daylight,Dry,Non-Fatal Injury,Rear End,Passenger,0 to 4,,,,,Yes,,,,,Yes,,Yes,,,,South Parkdale
6/23/2013 8:00:00 AM,1620,Major Arterial,Toronto and East York,43.633645,-79.43659,,No Control,Clear,Daylight,Dry,Non-Fatal Injury,Rear End,Passenger,35 to 39,,,,,Yes,,,,,Yes,,Yes,,,,South Parkdale
6/23/2013 8:00:00 AM,1620,Major Arterial,Toronto and East York,43.633645,-79.43659,,No Control,Clear,Daylight,Dry,Non-Fatal Injury,Rear End,Passenger,25 to 29,,,,,Yes,,,,,Yes,,Yes,,,,South Parkdale
6/23/2013 8:00:00 AM,1620,Major Arterial,Toronto and East York,43.633645,-79.43659,,No Control,Clear,Daylight,Dry,Non-Fatal Injury,Rear End,Driver,25 to 29,,,,,Yes,,,,,Yes,,Yes,,,,South Parkdale
5/8/2013 8:00:00 AM,1423,Major Arterial,North York,43.704345,-79.40959,At Intersection,No Control,Clear,Daylight,Dry,Non-Fatal Injury,Turning Movement,Driver,20 to 24,,,,,Yes,Yes,,,,,,Yes,,,,Yonge-Eglinton
5/8/2013 8:00:00 AM,1423,Major Arterial,North York,43.704345,-79.40959,At Intersection,No Control,Clear,Daylight,Dry,Non-Fatal Injury,Turning Movement,Motorcycle Driver,20 to 24,,,,,Yes,Yes,,,,,,Yes,,,,Yonge-Eglinton
5/8/2013 8:00:00 AM,1140,Minor Arterial,Etobicoke York,43.623545,-79.53579,,Stop Sign,Clear,Daylight,Dry,Non-Fatal Injury,Turning Movement,Passenger,75 to 79,,,,,Yes,,,,,Yes,,,,,,Etobicoke City Centre
5/8/2013 8:00:00 AM,1140,Minor Arterial,Etobicoke York,43.623545,-79.53579,,Stop Sign,Clear,Daylight,Dry,Non-Fatal Injury,Turning Movement,Driver,75 to 79,,,,,Yes,,,,,Yes,,,,,,Etobicoke City Centre
5/9/2013 8:00:00 AM,800,Major Arterial,Toronto and East York,43.687945,-79.28699,At Intersection,Traffic Signal,Clear,Daylight,Dry,Non-Fatal Injury,Pedestrian Collisions,Driver,60 to 64,,,Yes,,Yes,,,,,,,,,,,Birchcliffe-Cliffside
5/9/2013 8:00:00 AM,1738,Major Arterial,Toronto and East York,43.647383,-79.386096,,Traffic Signal,Clear,Daylight,Dry,Non-Fatal Injury,Other,Passenger,30 to 34,,,,,,,Yes,Yes,,Yes,,,,,,Yonge-Bay Corridor
5/9/2013 8:00:00 AM,1738,Major Arterial,Toronto and East York,43.647383,-79.386096,,Traffic Signal,Clear,Daylight,Dry,Non-Fatal Injury,Other,Driver,35 to 39,,,,,,,Yes,Yes,,Yes,,,,,,Yonge-Bay Corridor
5/9/2013 8:00:00 AM,1738,Major Arterial,Toronto and East York,43.647383,-79.386096,,Traffic Signal,Clear,Daylight,Dry,Non-Fatal Injury,Other,Truck Driver,55 to 59,,,,,,,Yes,Yes,,Yes,,,,,,Yonge-Bay Corridor
6/20/2013 8:00:00 AM,1316,Major Arterial,Etobicoke York,43.697945,-79.57379,At Intersection,Traffic Signal,Clear,Daylight,Dry,Non-Fatal Injury,Cyclist Collisions,Vehicle Owner,unknown,,,,Yes,Yes,,,,,,,,,,,West Humber-Clairville
6/20/2013 8:00:00 AM,1316,Major Arterial,Etobicoke York,43.697945,-79.57379,At Intersection,Traffic Signal,Clear,Daylight,Dry,Non-Fatal Injury,Cyclist Collisions,Driver,50 to 54,,,,Yes,Yes,,,,,,,,,,,West Humber-Clairville
5/10/2013 8:00:00 AM,1346,Minor Arterial,Toronto and East York,43.659545,-79.34669,,Pedestrian Crossover,Rain,Daylight,Wet,Non-Fatal Injury,Rear End,Truck Driver,25 to 29,,,,,Yes,,Yes,,,,,Yes,,,,South Riverdale
5/10/2013 8:00:00 AM,1346,Minor Arterial,Toronto and East York,43.659545,-79.34669,,Pedestrian Crossover,Rain,Daylight,Wet,Non-Fatal Injury,Rear End,Driver,55 to 59,,,,,Yes,,Yes,,,,,Yes,,,,South Riverdale
6/27/2013 8:00:00 AM,1025,Major Arterial,Etobicoke York,43.628993,-79.55492,At Intersection,Traffic Signal,Clear,Daylight,Dry,Non-Fatal Injury,Pedestrian Collisions,Driver,40 to 44,,,Yes,,Yes,,,,,,,Yes,,,,Etobicoke City Centre
6/27/2013 8:00:00 AM,2201,Major Arterial,Scarborough,43.727782,-79.252467,,No Control,Clear,Dark,Dry,Non-Fatal Injury,Pedestrian Collisions,Driver,unknown,,,Yes,,Yes,,,,,,,,,,,Kennedy Park
5/11/2013 8:00:00 AM,50,Major Arterial,Etobicoke York,43.718745,-79.53769,,No Control,"Fog, Mist, Smoke, Dust",Dark,Wet,Non-Fatal Injury,SMV Other,Other Property Owner,unknown,,,,,Yes,,,,,,Yes,Yes,,,,Pelmo Park-Humberlea
5/12/2013 8:00:00 AM,1258,Minor Arterial,Scarborough,43.697165,-79.274829,At Intersection,Traffic Signal,Rain,Daylight,Wet,Non-Fatal Injury,Approaching,Passenger,50 to 54,,,,,Yes,,,,,Yes,,,,,,Oakridge
5/12/2013 8:00:00 AM,1258,Minor Arterial,Scarborough,43.697165,-79.274829,At Intersection,Traffic Signal,Rain,Daylight,Wet,Non-Fatal Injury,Approaching,Passenger,5 to 9,,,,,Yes,,,,,Yes,,,,,,Oakridge
5/12/2013 8:00:00 AM,1258,Minor Arterial,Scarborough,43.697165,-79.274829,At Intersection,Traffic Signal,Rain,Daylight,Wet,Non-Fatal Injury,Approaching,Passenger,45 to 49,,,,,Yes,,,,,Yes,,,,,,Oakridge
5/12/2013 8:00:00 AM,1258,Minor Arterial,Scarborough,43.697165,-79.274829,At Intersection,Traffic Signal,Rain,Daylight,Wet,Non-Fatal Injury,Approaching,Passenger,10 to 14,,,,,Yes,,,,,Yes,,,,,,Oakridge
5/20/2013 8:00:00 AM,1040,Major Arterial,Toronto and East York,43.639945,-79.38699,At Intersection,Traffic Signal,Clear,Daylight,Dry,Non-Fatal Injury,Cyclist Collisions,Driver,35 to 39,,,,Yes,Yes,,,,,,,,,,,Harbourfront-CityPlace
6/30/2013 8:00:00 AM,1243,Major Arterial,Etobicoke York,43.755945,-79.52429,At Intersection,Traffic Signal,Clear,Daylight,Dry,Non-Fatal Injury,Pedestrian Collisions,Driver,40 to 44,,,Yes,,Yes,,,,,,,Yes,,,,Black Creek
5/12/2013 8:00:00 AM,1305,Major Arterial,North York,43.762645,-79.36189,,No Control,Clear,Daylight,Dry,Non-Fatal Injury,SMV Other,Driver,25 to 29,,,,,Yes,,,,,,,,,,Yes,St.Andrew-Windfields
5/12/2013 8:00:00 AM,1305,Major Arterial,North York,43.762645,-79.36189,,No Control,Clear,Daylight,Dry,Non-Fatal Injury,SMV Other,Other Property Owner,unknown,,,,,Yes,,,,,,,,,,Yes,St.Andrew-Windfields
5/13/2013 8:00:00 AM,1830,Major Arterial,Toronto and East York,43.665645,-79.40869,,No Control,Clear,Daylight,Dry,Non-Fatal Injury,SMV Other,Moped Driver,40 to 44,,,,Yes,Yes,,,,,,,Yes,,,,University
5/14/2013 8:00:00 AM,956,Local,Toronto and East York,43.645945,-79.40629,At Intersection,Stop Sign,Clear,Daylight,Dry,Non-Fatal Injury,SMV Unattended Vehicle,Other,unknown,,,,,Yes,,,,,,,,,,Yes,West Queen West
5/14/2013 8:00:00 AM,956,Local,Toronto and East York,43.645945,-79.40629,At Intersection,Stop Sign,Clear,Daylight,Dry,Non-Fatal Injury,SMV Unattended Vehicle,Vehicle Owner,unknown,,,,,Yes,,,,,,,,,,Yes,West Queen West
5/15/2013 8:00:00 AM,701,Major Arterial,Scarborough,43.767646,-79.189586,At Intersection,Traffic Signal,Rain,Daylight,Wet,Non-Fatal Injury,Pedestrian Collisions,Driver,50 to 54,,,Yes,,Yes,,,,,,,,,,,West Hill
7/6/2013 8:00:00 AM,2023,Major Arterial,Toronto and East York,43.659245,-79.36669,,No Control,Clear,Daylight,Dry,Non-Fatal Injury,Pedestrian Collisions,Driver,45 to 49,,,Yes,,,,,Yes,,,,,,,,Moss Park
7/6/2013 8:00:00 AM,2023,Major Arterial,Toronto and East York,43.659245,-79.36669,,No Control,Clear,Daylight,Dry,Non-Fatal Injury,Pedestrian Collisions,Vehicle Owner,unknown,,,Yes,,,,,Yes,,,,,,,,Moss Park
5/18/2013 8:00:00 AM,2118,Local,Toronto and East York,43.715345,-79.30159,At Intersection,Stop Sign,Clear,Dark,Dry,Non-Fatal Injury,Rear End,Passenger,55 to 59,,,,,Yes,,,,,Yes,,Yes,,,,O'Connor-Parkview
5/18/2013 8:00:00 AM,2118,Local,Toronto and East York,43.715345,-79.30159,At Intersection,Stop Sign,Clear,Dark,Dry,Non-Fatal Injury,Rear End,Driver,30 to 34,,,,,Yes,,,,,Yes,,Yes,,,,O'Connor-Parkview
5/17/2013 8:00:00 AM,1406,Major Arterial,Toronto and East York,43.679845,-79.41699,At Intersection,Traffic Signal,Clear,Daylight,Dry,Non-Fatal Injury,Sideswipe,Vehicle Owner,unknown,,,,,Yes,Yes,,,,,,Yes,,,,Wychwood
5/17/2013 8:00:00 AM,1406,Major Arterial,Toronto and East York,43.679845,-79.41699,At Intersection,Traffic Signal,Clear,Daylight,Dry,Non-Fatal Injury,Sideswipe,Motorcycle Driver,35 to 39,,,,,Yes,Yes,,,,,,Yes,,,,Wychwood
5/21/2013 8:00:00 AM,1540,Major Arterial,Toronto and East York,43.670045,-79.42899,At Intersection,Traffic Signal,Clear,Daylight,Dry,Non-Fatal Injury,Turning Movement,Passenger,45 to 49,,,,,Yes,,,,,Yes,Yes,Yes,,,,Dovercourt Village
5/21/2013 8:00:00 AM,1540,Major Arterial,Toronto and East York,43.670045,-79.42899,At Intersection,Traffic Signal,Clear,Daylight,Dry,Non-Fatal Injury,Turning Movement,Vehicle Owner,unknown,,,,,Yes,,,,,Yes,Yes,Yes,,,,Dovercourt Village
5/21/2013 8:00:00 AM,1540,Major Arterial,Toronto and East York,43.670045,-79.42899,At Intersection,Traffic Signal,Clear,Daylight,Dry,Non-Fatal Injury,Turning Movement,Driver,35 to 39,,,,,Yes,,,,,Yes,Yes,Yes,,,,Dovercourt Village
7/11/2013 8:00:00 AM,1959,Collector,North York,43.755345,-79.45989,At Intersection,Traffic Signal,Clear,Dusk,Dry,Non-Fatal Injury,Pedestrian Collisions,Vehicle Owner,unknown,,,Yes,,Yes,,,,,,,Yes,,,,Bathurst Manor
7/11/2013 8:00:00 AM,1959,Collector,North York,43.755345,-79.45989,At Intersection,Traffic Signal,Clear,Dusk,Dry,Non-Fatal Injury,Pedestrian Collisions,Driver,45 to 49,,,Yes,,Yes,,,,,,,Yes,,,,Bathurst Manor
7/13/2013 8:00:00 AM,1845,Major Arterial,Scarborough,43.803745,-79.28629,At Intersection,Traffic Signal,Clear,Daylight,Dry,Non-Fatal Injury,Pedestrian Collisions,Driver,60 to 64,,,Yes,,Yes,,,,,,,Yes,,,,Agincourt South-Malvern West
5/23/2013 8:00:00 AM,1815,Major Arterial,Etobicoke York,43.721145,-79.48089,At Intersection,Traffic Signal,Clear,Daylight,Dry,Non-Fatal Injury,Pedestrian Collisions,Driver,60 to 64,,,Yes,,Yes,,,,,,,Yes,,,,Maple Leaf
7/14/2013 8:00:00 AM,340,,Etobicoke York,43.620745,-79.51069,,No Control,Clear,"Dark, artificial",Dry,Non-Fatal Injury,Sideswipe,Driver,25 to 29,,,,,Yes,,,,,Yes,,,,Yes,,Mimico-Queensway
7/14/2013 8:00:00 AM,340,,Etobicoke York,43.620745,-79.51069,,No Control,Clear,"Dark, artificial",Dry,Non-Fatal Injury,Sideswipe,Driver,unknown,,,,,Yes,,,,,Yes,,,,Yes,,Mimico-Queensway
5/25/2013 8:00:00 AM,1022,Collector,Scarborough,43.801745,-79.30019,,No Control,Clear,Daylight,Dry,Non-Fatal Injury,Pedestrian Collisions,Driver,25 to 29,,,Yes,,Yes,,,,,,,,,,,East L'Amoreaux
5/26/2013 8:00:00 AM,1905,Local,Toronto and East York,43.654545,-79.38699,,No Control,Clear,"Daylight, artificial",Dry,Non-Fatal Injury,Pedestrian Collisions,Vehicle Owner,unknown,,,Yes,,Yes,,,,,,,,,,,Yonge-Bay Corridor
5/26/2013 8:00:00 AM,1905,Local,Toronto and East York,43.654545,-79.38699,,No Control,Clear,"Daylight, artificial",Dry,Non-Fatal Injury,Pedestrian Collisions,Driver,25 to 29,,,Yes,,Yes,,,,,,,,,,,Yonge-Bay Corridor
5/23/2013 8:00:00 AM,1850,Minor Arterial,Toronto and East York,43.665745,-79.35139,,No Control,Clear,Daylight,Dry,Non-Fatal Injury,Cyclist Collisions,Driver,50 to 54,,,,Yes,Yes,,,,,,,Yes,,,,North Riverdale
5/28/2013 8:00:00 AM,1755,Minor Arterial,Etobicoke York,43.669345,-79.50159,At Intersection,Stop Sign,Rain,Daylight,Wet,Non-Fatal Injury,Turning Movement,Driver,65 to 69,,,,,Yes,,,,,,,,,,,Rockcliffe-Smythe
5/28/2013 8:00:00 AM,1755,Minor Arterial,Etobicoke York,43.669345,-79.50159,At Intersection,Stop Sign,Rain,Daylight,Wet,Non-Fatal Injury,Turning Movement,Driver,40 to 44,,,,,Yes,,,,,,,,,,,Rockcliffe-Smythe
5/29/2013 8:00:00 AM,2230,Major Arterial,Etobicoke York,43.593345,-79.53819,At Intersection,Traffic Signal,Clear,"Dark, artificial",Dry,Non-Fatal Injury,Turning Movement,Driver,55 to 59,,,,,Yes,Yes,,,,,,,,,,Long Branch
7/11/2013 8:00:00 AM,1939,Minor Arterial,Toronto and East York,43.676545,-79.35889,,No Control,Clear,Daylight,Dry,Non-Fatal Injury,Pedestrian Collisions,Cyclist,35 to 39,,Normal,Yes,Yes,Yes,,,,,,,,,,,Playter Estates-Danforth