DATE,TIME,ROAD_CLASS,DISTRICT,LATITUDE,LONGITUDE,ACCLOC,TRAFFCTL,VISIBILITY,LIGHT,RDSFCOND,ACCLASS,IMPACTYPE,INVTYPE,INVAGE,PEDCOND,CYCCOND,PEDESTRIAN,CYCLIST,AUTOMOBILE,MOTORCYCLE,TRUCK,TRSN_CITY_VEH,EMERG_VEH,PASSENGER,SPEEDING,AG_DRIV,REDLIGHT,ALCOHOL,DISABILITY,NEIGHBOURHOOD_158
9/30/2022 8:00:00 AM,1331,Major Arterial,Etobicoke York,43.646945,-79.556659,Non Intersection,No Control,Clear,Daylight,Dry,Non-Fatal Injury,Angle,Driver,70 to 74,,,,,Yes,Yes,,,,Yes,Yes,Yes,,,,Islington
9/30/2022 8:00:00 AM,1331,Major Arterial,Etobicoke York,43.646945,-79.556659,Non Intersection,No Control,Clear,Daylight,Dry,Non-Fatal Injury,Angle,Passenger,65 to 69,,,,,Yes,Yes,,,,Yes,Yes,Yes,,,,Islington
9/30/2022 8:00:00 AM,1731,Major Arterial,Toronto and East York,43.662413,-79.376689,At Intersection,Traffic Signal,Clear,Daylight,Dry,Non-Fatal Injury,Pedestrian Collisions,Driver,25 to 29,,,Yes,,Yes,Yes,,,,Yes,,Yes,,,,Moss Park
9/30/2022 8:00:00 AM,1731,Major Arterial,Toronto and East York,43.662413,-79.376689,At Intersection,Traffic Signal,Clear,Daylight,Dry,Non-Fatal Injury,Pedestrian Collisions,Motorcycle Driver,55 to 59,,,Yes,,Yes,Yes,,,,Yes,,Yes,,,,Moss Park
9/30/2022 8:00:00 AM,1731,Major Arterial,Toronto and East York,43.662413,-79.376689,At Intersection,Traffic Signal,Clear,Daylight,Dry,Non-Fatal Injury,Pedestrian Collisions,Passenger,unknown,,,Yes,,Yes,Yes,,,,Yes,,Yes,,,,Moss Park
10/1/2022 8:00:00 AM,956,Minor Arterial,Toronto and East York,43.64379,-79.429195,At Intersection,No Control,Clear,Daylight,Dry,Non-Fatal Injury,Cyclist Collisions,Driver,40 to 44,,,,Yes,Yes,,,,,,,,,,,Little Portugal
10/2/2022 8:00:00 AM,810,Major Arterial,Etobicoke York,43.618312,-79.511256,At Intersection,Traffic Signal,Clear,Daylight,Dry,Non-Fatal Injury,Cyclist Collisions,Driver,60 to 64,,,,Yes,Yes,,,,,,,,,,,Mimico-Queensway
10/2/2022 8:00:00 AM,934,Minor Arterial,Toronto and East York,43.649817,-79.435558,At Intersection,Traffic Signal,Clear,Daylight,Dry,Non-Fatal Injury,Pedestrian Collisions,Driver,55 to 59,,,Yes,,Yes,,,,,,,Yes,,,,Little Portugal
10/3/2022 8:00:00 AM,622,Major Arterial,Toronto and East York,43.665042,-79.411174,At Intersection,Traffic Signal,Clear,"Dark, artificial",Dry,Non-Fatal Injury,Turning Movement,Motorcycle Driver,25 to 29,,,,,Yes,Yes,,,,,,Yes,,,,University
10/4/2022 8:00:00 AM,1752,Major Arterial,Scarborough,43.812899,-79.243037,At Intersection,Traffic Signal,Clear,"Dark, artificial",Dry,Non-Fatal Injury,Turning Movement,Driver,35 to 39,,,,,Yes,,,,,Yes,Yes,Yes,Yes,,,Malvern West
10/4/2022 8:00:00 AM,1752,Major Arterial,Scarborough,43.812899,-79.243037,At Intersection,Traffic Signal,Clear,"Dark, artificial",Dry,Non-Fatal Injury,Turning Movement,Driver,30 to 34,,,,,Yes,,,,,Yes,Yes,Yes,Yes,,,Malvern West
10/4/2022 8:00:00 AM,1752,Major Arterial,Scarborough,43.812899,-79.243037,At Intersection,Traffic Signal,Clear,"Dark, artificial",Dry,Non-Fatal Injury,Turning Movement,Passenger,35 to 39,,,,,Yes,,,,,Yes,Yes,Yes,Yes,,,Malvern West
10/4/2022 8:00:00 AM,1752,Major Arterial,Scarborough,43.812899,-79.243037,At Intersection,Traffic Signal,Clear,"Dark, artificial",Dry,Non-Fatal Injury,Turning Movement,Passenger,0 to 4,,,,,Yes,,,,,Yes,Yes,Yes,Yes,,,Malvern West
10/4/2022 8:00:00 AM,2043,Major Arterial,North York,43.722312,-79.537097,Non Intersection,No Control,Clear,"Dark, artificial",Dry,Non-Fatal Injury,Rear End,Driver,45 to 49,,,,,Yes,,Yes,,,,,Yes,,,,Pelmo Park-Humberlea
10/4/2022 8:00:00 AM,2043,Major Arterial,North York,43.722312,-79.537097,Non Intersection,No Control,Clear,"Dark, artificial",Dry,Non-Fatal Injury,Rear End,Driver,60 to 64,,,,,Yes,,Yes,,,,,Yes,,,,Pelmo Park-Humberlea
10/5/2022 8:00:00 AM,2112,Expressway,Etobicoke York,43.625659,-79.489299,Non Intersection,No Control,Clear,"Dark, artificial",Dry,Non-Fatal Injury,SMV Other,Driver,65 to 69,,,,,Yes,,,,,Yes,Yes,Yes,,,,Humber Bay Shores
10/5/2022 8:00:00 AM,2112,Expressway,Etobicoke York,43.625659,-79.489299,Non Intersection,No Control,Clear,"Dark, artificial",Dry,Non-Fatal Injury,SMV Other,Passenger,20 to 24,,,,,Yes,,,,,Yes,Yes,Yes,,,,Humber Bay Shores
10/7/2022 8:00:00 AM,1103,Minor Arterial,Toronto and East York,43.689906,-79.435741,Non Intersection,No Control,Clear,Daylight,Dry,Non-Fatal Injury,Cyclist Collisions,Driver,50 to 54,,,,Yes,Yes,,,,,Yes,,Yes,,,,Oakwood Village
10/7/2022 8:00:00 AM,1103,Minor Arterial,Toronto and East York,43.689906,-79.435741,Non Intersection,No Control,Clear,Daylight,Dry,Non-Fatal Injury,Cyclist Collisions,Passenger,50 to 54,,,,Yes,Yes,,,,,Yes,,Yes,,,,Oakwood Village
10/9/2022 8:00:00 AM,1021,Major Arterial,North York,43.785918,-79.446056,Non Intersection,No Control,Clear,Daylight,Dry,Non-Fatal Injury,Pedestrian Collisions,Driver,30 to 34,,,Yes,,,,,Yes,,Yes,,,,,,Westminster-Branson
10/9/2022 8:00:00 AM,1021,Major Arterial,North York,43.785918,-79.446056,Non Intersection,No Control,Clear,Daylight,Dry,Non-Fatal Injury,Pedestrian Collisions,Passenger,70 to 74,,,Yes,,,,,Yes,,Yes,,,,,,Westminster-Branson
10/13/2022 8:00:00 AM,1940,Major Arterial,Scarborough,43.798701,-79.261974,Non Intersection,No Control,Clear,Dark,Dry,Non-Fatal Injury,Turning Movement,Passenger,5 to 9,,,,,Yes,,,,,Yes,,Yes,,,,Agincourt North
10/13/2022 8:00:00 AM,1940,Major Arterial,Scarborough,43.798701,-79.261974,Non Intersection,No Control,Clear,Dark,Dry,Non-Fatal Injury,Turning Movement,Driver,15 to 19,,,,,Yes,,,,,Yes,,Yes,,,,Agincourt North
10/13/2022 8:00:00 AM,1940,Major Arterial,Scarborough,43.798701,-79.261974,Non Intersection,No Control,Clear,Dark,Dry,Non-Fatal Injury,Turning Movement,Driver,20 to 24,,,,,Yes,,,,,Yes,,Yes,,,,Agincourt North
10/14/2022 8:00:00 AM,2118,Major Arterial,Etobicoke York,43.716525,-79.592578,At Intersection,Traffic Signal,Clear,"Dark, artificial",Dry,Non-Fatal Injury,Pedestrian Collisions,Driver,50 to 54,,,Yes,,Yes,,,,,,,,,,,West Humber-Clairville
10/15/2022 8:00:00 AM,1649,Major Arterial,Etobicoke York,43.701945,-79.57561,At Intersection,Traffic Signal,Clear,Daylight,Dry,Non-Fatal Injury,Turning Movement,Driver,20 to 24,,,,,Yes,,,,,Yes,,Yes,,,,West Humber-Clairville
10/15/2022 8:00:00 AM,1649,Major Arterial,Etobicoke York,43.701945,-79.57561,At Intersection,Traffic Signal,Clear,Daylight,Dry,Non-Fatal Injury,Turning Movement,Passenger,30 to 34,,,,,Yes,,,,,Yes,,Yes,,,,West Humber-Clairville
10/16/2022 8:00:00 AM,1752,Major Arterial,Etobicoke York,43.612651,-79.539836,At Intersection,Stop Sign,Clear,Daylight,Dry,Non-Fatal Injury,Turning Movement,Motorcycle Driver,40 to 44,,,,,Yes,Yes,,,,Yes,,Yes,,,,Alderwood
10/16/2022 8:00:00 AM,1752,Major Arterial,Etobicoke York,43.612651,-79.539836,At Intersection,Stop Sign,Clear,Daylight,Dry,Non-Fatal Injury,Turning Movement,Driver,35 to 39,,,,,Yes,Yes,,,,Yes,,Yes,,,,Alderwood
10/16/2022 8:00:00 AM,1752,Major Arterial,Etobicoke York,43.612651,-79.539836,At Intersection,Stop Sign,Clear,Daylight,Dry,Non-Fatal Injury,Turning Movement,Passenger,30 to 34,,,,,Yes,Yes,,,,Yes,,Yes,,,,Alderwood
10/17/2022 8:00:00 AM,12,Minor Arterial,North York,43.710726,-79.444484,At Intersection,Stop Sign,Clear,Dark,Dry,Non-Fatal Injury,Angle,Driver,50 to 54,,,,,Yes,,,,,Yes,Yes,Yes,,,,Yorkdale-Glen Park
10/17/2022 8:00:00 AM,12,Minor Arterial,North York,43.710726,-79.444484,At Intersection,Stop Sign,Clear,Dark,Dry,Non-Fatal Injury,Angle,Passenger,35 to 39,,,,,Yes,,,,,Yes,Yes,Yes,,,,Yorkdale-Glen Park
10/20/2022 8:00:00 AM,726,Major Arterial,North York,43.768851,-79.46693,Non Intersection,No Control,Clear,Dark,Dry,Non-Fatal Injury,Pedestrian Collisions,Driver,60 to 64,,,Yes,,,,,Yes,,,,,,,,York University Heights
10/22/2022 8:00:00 AM,1822,Major Arterial,Etobicoke York,43.626265,-79.502589,At Intersection,Traffic Signal,Clear,Dusk,Dry,Non-Fatal Injury,Turning Movement,Motorcycle Driver,30 to 34,,,,,Yes,Yes,,,,,,Yes,,,,Stonegate-Queensway
10/22/2022 8:00:00 AM,1822,Major Arterial,Etobicoke York,43.626265,-79.502589,At Intersection,Traffic Signal,Clear,Dusk,Dry,Non-Fatal Injury,Turning Movement,Driver,50 to 54,,,,,Yes,Yes,,,,,,Yes,,,,Stonegate-Queensway
10/22/2022 8:00:00 AM,1822,Major Arterial,Etobicoke York,43.626265,-79.502589,At Intersection,Traffic Signal,Clear,Dusk,Dry,Non-Fatal Injury,Turning Movement,Other,50 to 54,,,,,Yes,Yes,,,,,,Yes,,,,Stonegate-Queensway
10/23/2022 8:00:00 AM,1552,Major Arterial,North York,43.772029,-79.537761,At Intersection,Traffic Signal,Clear,Daylight,Dry,Non-Fatal Injury,Turning Movement,Motorcycle Driver,35 to 39,,,,,Yes,Yes,,,,,Yes,Yes,,,,Humber Summit
10/24/2022 8:00:00 AM,1715,Major Arterial,North York,43.661982,-79.425624,At Intersection,Traffic Signal,Clear,Daylight,Dry,Non-Fatal Injury,Cyclist Collisions,Driver,20 to 24,,,,Yes,Yes,,,,,,,Yes,Yes,,,Palmerston-Little Italy
10/25/2022 8:00:00 AM,1028,Major Arterial,Toronto and East York,43.650427,-79.479053,At Intersection,Traffic Signal,Clear,Daylight,Dry,Non-Fatal Injury,Pedestrian Collisions,Driver,30 to 34,,,Yes,,Yes,,,,,,,Yes,,,,High Park-Swansea
10/26/2022 8:00:00 AM,1420,Major Arterial,Scarborough,43.803809,-79.298167,At Intersection,Traffic Signal,Rain,Daylight,Wet,Non-Fatal Injury,Pedestrian Collisions,Driver,55 to 59,,,Yes,,Yes,,,,,,,Yes,,,,Milliken
10/28/2022 8:00:00 AM,1548,Major Arterial,Toronto and East York,43.66059,-79.431628,At Intersection,No Control,Clear,Daylight,Dry,Non-Fatal Injury,Cyclist Collisions,Driver,55 to 59,,,,Yes,Yes,,,,,,,Yes,,,,Dufferin Grove
10/28/2022 8:00:00 AM,1953,Major Arterial,Toronto and East York,43.673144,-79.414356,At Intersection,Traffic Signal,Clear,"Dark, artificial",Dry,Non-Fatal Injury,Pedestrian Collisions,Truck Driver,35 to 39,,,Yes,,,,Yes,,,,Yes,Yes,,,,Annex
10/31/2022 8:00:00 AM,1,Major Arterial,Scarborough,43.687659,-79.270877,At Intersection,Traffic Signal,Clear,"Dark, artificial",Dry,Non-Fatal Injury,Pedestrian Collisions,Driver,25 to 29,,,Yes,,,,,Yes,,,,Yes,,,,Birchcliffe-Cliffside
11/1/2022 8:00:00 AM,2035,Major Arterial,North York,43.741233,-79.513652,At Intersection,Traffic Signal,Clear,"Dark, artificial",Dry,Non-Fatal Injury,Turning Movement,Driver,40 to 44,,,,,Yes,,,,,Yes,,Yes,Yes,,,Glenfield-Jane Heights
11/1/2022 8:00:00 AM,2035,Major Arterial,North York,43.741233,-79.513652,At Intersection,Traffic Signal,Clear,"Dark, artificial",Dry,Non-Fatal Injury,Turning Movement,Passenger,35 to 39,,,,,Yes,,,,,Yes,,Yes,Yes,,,Glenfield-Jane Heights
11/1/2022 8:00:00 AM,2035,Major Arterial,North York,43.741233,-79.513652,At Intersection,Traffic Signal,Clear,"Dark, artificial",Dry,Non-Fatal Injury,Turning Movement,Passenger,15 to 19,,,,,Yes,,,,,Yes,,Yes,Yes,,,Glenfield-Jane Heights
11/1/2022 8:00:00 AM,2035,Major Arterial,North York,43.741233,-79.513652,At Intersection,Traffic Signal,Clear,"Dark, artificial",Dry,Non-Fatal Injury,Turning Movement,Passenger,20 to 24,,,,,Yes,,,,,Yes,,Yes,Yes,,,Glenfield-Jane Heights
11/2/2022 8:00:00 AM,1127,Major Arterial,North York,43.744746,-79.399562,At Intersection,No Control,Clear,"Daylight, artificial",Dry,Non-Fatal Injury,Cyclist Collisions,Driver,65 to 69,,,,Yes,Yes,,,,,,,,,,,Bridle Path-Sunnybrook-York Mills
11/3/2022 8:00:00 AM,1500,Major Arterial,North York,43.791484,-79.36835,At Intersection,Stop Sign,"Fog, Mist, Smoke, Dust",Daylight,Dry,Non-Fatal Injury,Pedestrian Collisions,Driver,55 to 59,,,Yes,,Yes,,,,,,,,,,,Hillcrest Village
11/5/2022 8:00:00 AM,210,Major Arterial,Toronto and East York,43.661509,-79.40974,Intersection Related,Traffic Signal,Clear,"Dark, artificial",Dry,Non-Fatal Injury,Pedestrian Collisions,Driver,unknown,,,Yes,,Yes,,,,,,,,,,,University
11/5/2022 8:00:00 AM,935,Major Arterial,Scarborough,43.800692,-79.143199,Non Intersection,No Control,Clear,Daylight,Dry,Non-Fatal Injury,Approaching,Driver,55 to 59,,,,,Yes,,,,,,,,,,,West Rouge
11/8/2022 10:00:00 AM,1808,Major Arterial,Etobicoke York,43.759955,-79.571773,At Intersection,Traffic Signal,Clear,"Dark, artificial",Dry,Non-Fatal Injury,Pedestrian Collisions,Driver,65 to 69,,,Yes,,Yes,,,,,,,Yes,,,,Humber Summit
11/9/2022 10:00:00 AM,1422,Major Arterial,North York,43.788016,-79.392719,At Intersection,Traffic Signal,Clear,Daylight,Dry,Non-Fatal Injury,Pedestrian Collisions,Driver,85 to 89,,,Yes,,Yes,,,,,,,Yes,,,,Bayview Woods-Steeles
11/9/2022 10:00:00 AM,1812,Major Arterial,Toronto and East York,43.654647,-79.421451,At Intersection,No Control,Clear,"Dark, artificial",Dry,Non-Fatal Injury,Cyclist Collisions,Driver,15 to 19,,,,Yes,Yes,,,,,,,,,,,Trinity-Bellwoods
11/12/2022 10:00:00 AM,2030,Minor Arterial,North York,43.772437,-79.511371,Intersection Related,Traffic Signal,Clear,"Dark, artificial",Dry,Non-Fatal Injury,Pedestrian Collisions,Driver,unknown,,,Yes,,,,,,,,,,,,,York University Heights
11/13/2022 10:00:00 AM,1838,Collector,Toronto and East York,43.642966,-79.442165,At Intersection,Stop Sign,Clear,"Dusk, artificial",Dry,Non-Fatal Injury,Cyclist Collisions,Driver,65 to 69,,,,Yes,Yes,,,,,,,Yes,,,,Roncesvalles
11/15/2022 10:00:00 AM,1656,Minor Arterial,,43.7429,-79.594669,Non Intersection,No Control,Clear,"Dusk, artificial",Wet,Non-Fatal Injury,Pedestrian Collisions,Driver,80 to 84,,,Yes,,Yes,,,,,,,,,,,Mount Olive-Silverstone-Jamestown
11/15/2022 10:00:00 AM,2127,Minor Arterial,North York,43.748702,-79.454868,At Intersection,Traffic Signal,Snow,"Dark, artificial",Wet,Non-Fatal Injury,Pedestrian Collisions,Driver,50 to 54,,,Yes,,Yes,,,,,,,Yes,,,,Clanton Park
11/17/2022 10:00:00 AM,1640,Minor Arterial,Toronto and East York,43.67723,-79.464153,Non Intersection,No Control,Clear,Daylight,Dry,Non-Fatal Injury,Approaching,Driver,65 to 69,,,,,Yes,,,,,Yes,,Yes,,,Yes,Weston-Pelham Park
11/17/2022 10:00:00 AM,1640,Minor Arterial,Toronto and East York,43.67723,-79.464153,Non Intersection,No Control,Clear,Daylight,Dry,Non-Fatal Injury,Approaching,Passenger,10 to 14,,,,,Yes,,,,,Yes,,Yes,,,Yes,Weston-Pelham Park
11/21/2022 10:00:00 AM,1404,Major Arterial,Etobicoke York,43.715514,-79.568485,At Intersection,Traffic Signal,Clear,Daylight,Dry,Non-Fatal Injury,Turning Movement,Driver,70 to 74,,,,,Yes,,,,,Yes,Yes,Yes,,,,Rexdale-Kipling
11/21/2022 10:00:00 AM,1404,Major Arterial,Etobicoke York,43.715514,-79.568485,At Intersection,Traffic Signal,Clear,Daylight,Dry,Non-Fatal Injury,Turning Movement,Driver,35 to 39,,,,,Yes,,,,,Yes,Yes,Yes,,,,Rexdale-Kipling
11/21/2022 10:00:00 AM,1404,Major Arterial,Etobicoke York,43.715514,-79.568485,At Intersection,Traffic Signal,Clear,Daylight,Dry,Non-Fatal Injury,Turning Movement,Passenger,60 to 64,,,,,Yes,,,,,Yes,Yes,Yes,,,,Rexdale-Kipling
11/21/2022 10:00:00 AM,1609,Major Arterial,Scarborough,43.803805,-79.137714,Non Intersection,No Control,Clear,Daylight,Dry,Non-Fatal Injury,Cyclist Collisions,Driver,70 to 74,,,,Yes,Yes,,,,,,,Yes,,,,West Rouge
11/21/2022 10:00:00 AM,1830,Major Arterial,North York,43.741168,-79.513637,Intersection Related,Traffic Signal,Clear,"Dark, artificial",Dry,Non-Fatal Injury,Rear End,Driver,65 to 69,,,,,Yes,,,,,Yes,,,,,,Glenfield-Jane Heights
11/21/2022 10:00:00 AM,1830,Major Arterial,North York,43.741168,-79.513637,Intersection Related,Traffic Signal,Clear,"Dark, artificial",Dry,Non-Fatal Injury,Rear End,Driver,40 to 44,,,,,Yes,,,,,Yes,,,,,,Glenfield-Jane Heights
11/21/2022 10:00:00 AM,1830,Major Arterial,North York,43.741168,-79.513637,Intersection Related,Traffic Signal,Clear,"Dark, artificial",Dry,Non-Fatal Injury,Rear End,Passenger,25 to 29,,,,,Yes,,,,,Yes,,,,,,Glenfield-Jane Heights
11/25/2022 10:00:00 AM,1251,Major Arterial,Toronto and East York,43.643286,-79.422908,Non Intersection,No Control,Clear,Daylight,Dry,Non-Fatal Injury,Pedestrian Collisions,Driver,85 to 89,,,Yes,,Yes,,,,,,,,,,,Little Portugal
11/25/2022 10:00:00 AM,2245,Major Arterial,Toronto and East York,43.683192,-79.346416,Intersection Related,No Control,Clear,"Dark, artificial",Dry,Non-Fatal Injury,Sideswipe,Driver,15 to 19,,,,,Yes,,,,,Yes,,,,,,Danforth East York
11/25/2022 10:00:00 AM,2245,Major Arterial,Toronto and East York,43.683192,-79.346416,Intersection Related,No Control,Clear,"Dark, artificial",Dry,Non-Fatal Injury,Sideswipe,Driver,25 to 29,,,,,Yes,,,,,Yes,,,,,,Danforth East York
11/25/2022 10:00:00 AM,2245,Major Arterial,Toronto and East York,43.683192,-79.346416,Intersection Related,No Control,Clear,"Dark, artificial",Dry,Non-Fatal Injury,Sideswipe,Passenger,25 to 29,,,,,Yes,,,,,Yes,,,,,,Danforth East York
11/26/2022 10:00:00 AM,1134,Major Arterial,Scarborough,43.794814,-79.152499,At Intersection,Traffic Signal,Clear,Daylight,Dry,Non-Fatal Injury,Turning Movement,Driver,35 to 39,,,,,Yes,,,,,Yes,,Yes,Yes,,,Centennial Scarborough
11/26/2022 10:00:00 AM,1134,Major Arterial,Scarborough,43.794814,-79.152499,At Intersection,Traffic Signal,Clear,Daylight,Dry,Non-Fatal Injury,Turning Movement,Passenger,45 to 49,,,,,Yes,,,,,Yes,,Yes,Yes,,,Centennial Scarborough
11/26/2022 10:00:00 AM,1134,Major Arterial,Scarborough,43.794814,-79.152499,At Intersection,Traffic Signal,Clear,Daylight,Dry,Non-Fatal Injury,Turning Movement,Passenger,20 to 24,,,,,Yes,,,,,Yes,,Yes,Yes,,,Centennial Scarborough
11/26/2022 10:00:00 AM,1248,Major Arterial,Etobicoke York,43.594088,-79.534808,Non Intersection,No Control,Clear,Daylight,Dry,Non-Fatal Injury,Pedestrian Collisions,,85 to 89,,,Yes,,Yes,,,,,,,,,,,Long Branch
11/26/2022 10:00:00 AM,1619,Major Arterial,Scarborough,43.738677,-79.216975,At Intersection,Traffic Signal,Clear,Daylight,Dry,Non-Fatal Injury,Turning Movement,Driver,20 to 24,,,,,Yes,,,,,,,Yes,,,,Scarborough Village
11/27/2022 10:00:00 AM,1810,Major Arterial,Toronto and East York,43.638747,-79.400577,At Intersection,Traffic Signal,Rain,"Dark, artificial",Wet,Non-Fatal Injury,Pedestrian Collisions,Driver,35 to 39,,,Yes,,Yes,,,,,,,Yes,,,,Harbourfront-CityPlace
11/28/2022 10:00:00 AM,840,Local,Scarborough,43.72008,-79.25677,Intersection Related,No Control,Clear,Daylight,Dry,Non-Fatal Injury,Pedestrian Collisions,Driver,35 to 39,,,Yes,,Yes,,,,,,,,,,,Kennedy Park
12/2/2022 10:00:00 AM,1320,,,43.810485,-79.282162,At Intersection,Stop Sign,Clear,Daylight,Dry,Non-Fatal Injury,SMV Other,Passenger,5 to 9,,,,,Yes,,,,,Yes,,,,,,Agincourt North
12/3/2022 10:00:00 AM,1205,Major Arterial,Scarborough,43.735591,-79.252673,Non Intersection,No Control,Clear,Daylight,Wet,Non-Fatal Injury,Rear End,Driver,25 to 29,,,,,Yes,,,Yes,,Yes,,Yes,,,,Kennedy Park
12/3/2022 10:00:00 AM,1205,Major Arterial,Scarborough,43.735591,-79.252673,Non Intersection,No Control,Clear,Daylight,Wet,Non-Fatal Injury,Rear End,Driver,50 to 54,,,,,Yes,,,Yes,,Yes,,Yes,,,,Kennedy Park
12/3/2022 10:00:00 AM,1205,Major Arterial,Scarborough,43.735591,-79.252673,Non Intersection,No Control,Clear,Daylight,Wet,Non-Fatal Injury,Rear End,Passenger,25 to 29,,,,,Yes,,,Yes,,Yes,,Yes,,,,Kennedy Park
12/4/2022 10:00:00 AM,1538,,,43.700851,-79.397136,Intersection Related,Stop Sign,Clear,Daylight,Dry,Non-Fatal Injury,Turning Movement,Motorcycle Driver,45 to 49,,,,,Yes,Yes,,,,Yes,,Yes,,,,South Eglinton-Davisville
12/4/2022 10:00:00 AM,1538,,,43.700851,-79.397136,Intersection Related,Stop Sign,Clear,Daylight,Dry,Non-Fatal Injury,Turning Movement,Passenger,40 to 44,,,,,Yes,Yes,,,,Yes,,Yes,,,,South Eglinton-Davisville
12/1/2022 10:00:00 AM,2130,Minor Arterial,Toronto and East York,43.643412,-79.391261,At Intersection,Traffic Signal,Clear,Dark,Dry,Non-Fatal Injury,Cyclist Collisions,Driver,unknown,,,,Yes,Yes,,,,,,,Yes,Yes,,,Harbourfront-CityPlace
12/5/2022 10:00:00 AM,1505,Local,Scarborough,43.73823,-79.305957,Non Intersection,No Control,Clear,Daylight,Dry,Non-Fatal Injury,Pedestrian Collisions,Driver,40 to 44,,,Yes,,Yes,,,,,Yes,,,,,,Wexford/Maryvale
12/5/2022 10:00:00 AM,1505,Local,Scarborough,43.73823,-79.305957,Non Intersection,No Control,Clear,Daylight,Dry,Non-Fatal Injury,Pedestrian Collisions,Passenger,10 to 14,,,Yes,,Yes,,,,,Yes,,,,,,Wexford/Maryvale
12/5/2022 10:00:00 AM,2018,Major Arterial,North York,43.741168,-79.317989,Non Intersection,No Control,Clear,"Dark, artificial",Dry,Non-Fatal Injury,Pedestrian Collisions,Driver,55 to 59,,,Yes,,Yes,,,,,,,,,,,Victoria Village
12/5/2022 10:00:00 AM,2018,Major Arterial,North York,43.741168,-79.317989,Non Intersection,No Control,Clear,"Dark, artificial",Dry,Non-Fatal Injury,Pedestrian Collisions,Driver,20 to 24,,,Yes,,Yes,,,,,,,,,,,Victoria Village
12/9/2022 10:00:00 AM,1710,Major Arterial,,43.755824,-79.517314,Non Intersection,No Control,Clear,Daylight,Dry,Non-Fatal Injury,Pedestrian Collisions,Driver,55 to 59,,,Yes,,Yes,,,,,,,,,,,Glenfield-Jane Heights
12/9/2022 10:00:00 AM,2038,Major Arterial,Scarborough,43.772727,-79.251537,Non Intersection,No Control,Clear,"Dark, artificial",Dry,Non-Fatal Injury,Sideswipe,Driver,15 to 19,,,,,Yes,,,,,,,,,,,Woburn North
12/13/2022 10:00:00 AM,2301,Major Arterial,Toronto and East York,43.690657,-79.403026,At Intersection,Traffic Signal,Clear,"Dark, artificial",Dry,Non-Fatal Injury,Turning Movement,Driver,40 to 44,,,,,Yes,,,,,,Yes,Yes,,,,Yonge-St.Clair
12/15/2022 10:00:00 AM,1134,Collector,Toronto and East York,43.665648,-79.375507,At Intersection,No Control,Freezing Rain,Daylight,Wet,Non-Fatal Injury,Pedestrian Collisions,Driver,60 to 64,,,Yes,,Yes,,,,,,Yes,Yes,,,,Cabbagetown-South St.James Town
12/15/2022 10:00:00 AM,1720,Major Arterial,Toronto and East York,43.641364,-79.414981,At Intersection,Traffic Signal,Freezing Rain,"Dark, artificial",Slush,Non-Fatal Injury,Pedestrian Collisions,Driver,25 to 29,,,Yes,,Yes,,,,,,,Yes,,,,West Queen West
12/15/2022 10:00:00 AM,1925,Major Arterial,Etobicoke York,43.686591,-79.597255,Non Intersection,No Control,Snow,Dark,Loose Snow,Non-Fatal Injury,Pedestrian Collisions,Driver,50 to 54,,,Yes,,Yes,,,,,,,,,,,West Humber-Clairville
12/15/2022 10:00:00 AM,1925,Major Arterial,Etobicoke York,43.686591,-79.597255,Non Intersection,No Control,Snow,Dark,Loose Snow,Non-Fatal Injury,Pedestrian Collisions,Pedestrian,40 to 44,Inattentive,,Yes,,Yes,,,,,,,,,,,West Humber-Clairville
12/18/2022 10:00:00 AM,2228,Major Arterial,Toronto and East York,43.645507,-79.369792,At Intersection,Traffic Signal,Clear,"Dark, artificial",Dry,Non-Fatal Injury,Cyclist Collisions,Driver,25 to 29,,,,Yes,Yes,,,,,Yes,,,,,,St Lawrence-East Bayfront-The Islands
12/18/2022 10:00:00 AM,2228,Major Arterial,Toronto and East York,43.645507,-79.369792,At Intersection,Traffic Signal,Clear,"Dark, artificial",Dry,Non-Fatal Injury,Cyclist Collisions,Passenger,25 to 29,,,,Yes,Yes,,,,,Yes,,,,,,St Lawrence-East Bayfront-The Islands
12/18/2022 10:00:00 AM,2228,Major Arterial,Toronto and East York,43.645507,-79.369792,At Intersection,Traffic Signal,Clear,"Dark, artificial",Dry,Non-Fatal Injury,Cyclist Collisions,Passenger,20 to 24,,,,Yes,Yes,,,,,Yes,,,,,,St Lawrence-East Bayfront-The Islands
12/19/2022 10:00:00 AM,1047,,,43.792052,-79.195514,At Intersection,Traffic Signal,Clear,Daylight,Dry,Non-Fatal Injury,Turning Movement,Driver,65 to 69,,,,,Yes,,,,,Yes,,Yes,Yes,,Yes,Highland Creek