DATE,TIME,ROAD_CLASS,DISTRICT,LATITUDE,LONGITUDE,ACCLOC,TRAFFCTL,VISIBILITY,LIGHT,RDSFCOND,ACCLASS,IMPACTYPE,INVTYPE,INVAGE,PEDCOND,CYCCOND,PEDESTRIAN,CYCLIST,AUTOMOBILE,MOTORCYCLE,TRUCK,TRSN_CITY_VEH,EMERG_VEH,PASSENGER,SPEEDING,AG_DRIV,REDLIGHT,ALCOHOL,DISABILITY,NEIGHBOURHOOD_158
1/30/2014 10:00:00 AM,640,Major Arterial,Scarborough,43.775023,-79.238376,Non Intersection,No Control,Clear,Daylight,Dry,Non-Fatal Injury,Approaching,Driver,45 to 49,,,,,Yes,,,,,Yes,,,,,,Woburn North
1/30/2014 10:00:00 AM,640,Major Arterial,Scarborough,43.775023,-79.238376,Non Intersection,No Control,Clear,Daylight,Dry,Non-Fatal Injury,Approaching,Passenger,15 to 19,,,,,Yes,,,,,Yes,,,,,,Woburn North
1/30/2014 10:00:00 AM,1027,Major Arterial,Etobicoke York,43.739615,-79.605655,Non Intersection,No Control,Clear,Daylight,Dry,Non-Fatal Injury,Rear End,Driver,20 to 24,,,,,Yes,,,,,,Yes,Yes,,,Yes,West Humber-Clairville
1/30/2014 10:00:00 AM,1027,Major Arterial,Etobicoke York,43.739615,-79.605655,Non Intersection,No Control,Clear,Daylight,Dry,Non-Fatal Injury,Rear End,Driver,70 to 74,,,,,Yes,,,,,,Yes,Yes,,,Yes,West Humber-Clairville
2/3/2014 10:00:00 AM,1043,Minor Arterial,Etobicoke York,43.681517,-79.467433,Non Intersection,No Control,Clear,Daylight,Dry,Non-Fatal Injury,Cyclist Collisions,Driver,25 to 29,,,,Yes,Yes,,,,,,,,,,,Keelesdale-Eglinton West
2/4/2014 10:00:00 AM,1255,Major Arterial,Etobicoke York,43.728125,-79.574649,At Intersection,Traffic Signal,Clear,Daylight,Dry,Non-Fatal Injury,Pedestrian Collisions,Driver,35 to 39,,,Yes,,Yes,,,,,,,Yes,Yes,Yes,,Rexdale-Kipling
2/4/2014 10:00:00 AM,1255,Major Arterial,Etobicoke York,43.728125,-79.574649,At Intersection,Traffic Signal,Clear,Daylight,Dry,Non-Fatal Injury,Pedestrian Collisions,Driver,60 to 64,,,Yes,,Yes,,,,,,,Yes,Yes,Yes,,Rexdale-Kipling
2/7/2014 10:00:00 AM,806,Major Arterial,Etobicoke York,43.614035,-79.489146,Non Intersection,No Control,Clear,Daylight,Wet,Non-Fatal Injury,Angle,Driver,20 to 24,,,,,Yes,,,,,Yes,Yes,Yes,,,,Humber Bay Shores
2/7/2014 10:00:00 AM,806,Major Arterial,Etobicoke York,43.614035,-79.489146,Non Intersection,No Control,Clear,Daylight,Wet,Non-Fatal Injury,Angle,Passenger,20 to 24,,,,,Yes,,,,,Yes,Yes,Yes,,,,Humber Bay Shores
2/8/2014 10:00:00 AM,241,Major Arterial,Toronto and East York,43.643557,-79.421954,Non Intersection,No Control,Clear,"Dark, artificial",Slush,Non-Fatal Injury,Pedestrian Collisions,Driver,20 to 24,,,Yes,,Yes,,,,,Yes,Yes,Yes,,,,West Queen West
2/8/2014 10:00:00 AM,241,Major Arterial,Toronto and East York,43.643557,-79.421954,Non Intersection,No Control,Clear,"Dark, artificial",Slush,Non-Fatal Injury,Pedestrian Collisions,Driver,25 to 29,,,Yes,,Yes,,,,,Yes,Yes,Yes,,,,West Queen West
2/8/2014 10:00:00 AM,241,Major Arterial,Toronto and East York,43.643557,-79.421954,Non Intersection,No Control,Clear,"Dark, artificial",Slush,Non-Fatal Injury,Pedestrian Collisions,Passenger,unknown,,,Yes,,Yes,,,,,Yes,Yes,Yes,,,,West Queen West
2/8/2014 10:00:00 AM,241,Major Arterial,Toronto and East York,43.643557,-79.421954,Non Intersection,No Control,Clear,"Dark, artificial",Slush,Non-Fatal Injury,Pedestrian Collisions,Other,unknown,,,Yes,,Yes,,,,,Yes,Yes,Yes,,,,West Queen West
2/8/2014 10:00:00 AM,1309,Minor Arterial,Toronto and East York,43.668029,-79.342914,Non Intersection,No Control,Clear,Daylight,Wet,Non-Fatal Injury,Pedestrian Collisions,Driver,55 to 59,,,Yes,,Yes,,,,,Yes,,,,,,North Riverdale
2/8/2014 10:00:00 AM,1309,Minor Arterial,Toronto and East York,43.668029,-79.342914,Non Intersection,No Control,Clear,Daylight,Wet,Non-Fatal Injury,Pedestrian Collisions,Passenger,50 to 54,,,Yes,,Yes,,,,,Yes,,,,,,North Riverdale
2/8/2014 10:00:00 AM,2245,Major Arterial,Etobicoke York,43.659392,-79.543025,Non Intersection,No Control,Clear,"Dark, artificial",Wet,Non-Fatal Injury,Sideswipe,Truck Driver,35 to 39,,,,,Yes,,Yes,,,,,,,,,Princess-Rosethorn
2/9/2014 10:00:00 AM,2134,Major Arterial,Scarborough,43.776194,-79.232814,Non Intersection,No Control,Clear,"Dark, artificial",Slush,Non-Fatal Injury,Approaching,Driver,40 to 44,,,,,Yes,,,Yes,,,,Yes,,,,Woburn North
2/10/2014 10:00:00 AM,1142,Major Arterial,Etobicoke York,43.738917,-79.579974,At/Near Private Drive,No Control,Clear,Daylight,Wet,Non-Fatal Injury,Pedestrian Collisions,Driver,25 to 29,,,Yes,,Yes,,,,,,,,,,,Thistletown-Beaumond Heights
2/10/2014 10:00:00 AM,1728,Major Arterial,North York,43.750235,-79.463382,At Intersection,Traffic Signal,Clear,"Dusk, artificial",Dry,Non-Fatal Injury,Turning Movement,Driver,50 to 54,,,,,,,Yes,Yes,,,,,,,,Downsview
2/13/2014 10:00:00 AM,1054,Collector,Toronto and East York,43.667632,-79.385303,Non Intersection,No Control,Clear,Daylight,Wet,Non-Fatal Injury,Pedestrian Collisions,Driver,25 to 29,,,Yes,,Yes,,,,,,,,,,,Church-Wellesley
2/15/2014 10:00:00 AM,643,Major Arterial,Toronto and East York,43.716658,-79.299274,Non Intersection,Traffic Signal,Clear,Dawn,Dry,Non-Fatal Injury,Approaching,Driver,40 to 44,,,,,Yes,,,,,Yes,,,,,,Clairlea-Birchmount
2/15/2014 10:00:00 AM,643,Major Arterial,Toronto and East York,43.716658,-79.299274,Non Intersection,Traffic Signal,Clear,Dawn,Dry,Non-Fatal Injury,Approaching,Passenger,15 to 19,,,,,Yes,,,,,Yes,,,,,,Clairlea-Birchmount
2/16/2014 10:00:00 AM,1321,Major Arterial,Toronto and East York,43.642073,-79.377429,At Intersection,Traffic Signal,Clear,Daylight,Dry,Non-Fatal Injury,Pedestrian Collisions,Driver,70 to 74,,,Yes,,Yes,,,,,Yes,,Yes,,,,St Lawrence-East Bayfront-The Islands
2/16/2014 10:00:00 AM,1321,Major Arterial,Toronto and East York,43.642073,-79.377429,At Intersection,Traffic Signal,Clear,Daylight,Dry,Non-Fatal Injury,Pedestrian Collisions,Driver,15 to 19,,,Yes,,Yes,,,,,Yes,,Yes,,,,St Lawrence-East Bayfront-The Islands
2/16/2014 10:00:00 AM,1321,Major Arterial,Toronto and East York,43.642073,-79.377429,At Intersection,Traffic Signal,Clear,Daylight,Dry,Non-Fatal Injury,Pedestrian Collisions,Passenger,70 to 74,,,Yes,,Yes,,,,,Yes,,Yes,,,,St Lawrence-East Bayfront-The Islands
2/18/2014 10:00:00 AM,1237,Major Arterial,Scarborough,43.770602,-79.186862,At Intersection,Traffic Signal,Clear,Daylight,Wet,Non-Fatal Injury,Pedestrian Collisions,Driver,20 to 24,,,Yes,,Yes,,,,,Yes,,Yes,,,,West Hill
2/18/2014 10:00:00 AM,1237,Major Arterial,Scarborough,43.770602,-79.186862,At Intersection,Traffic Signal,Clear,Daylight,Wet,Non-Fatal Injury,Pedestrian Collisions,Driver,25 to 29,,,Yes,,Yes,,,,,Yes,,Yes,,,,West Hill
2/18/2014 10:00:00 AM,1237,Major Arterial,Scarborough,43.770602,-79.186862,At Intersection,Traffic Signal,Clear,Daylight,Wet,Non-Fatal Injury,Pedestrian Collisions,Passenger,20 to 24,,,Yes,,Yes,,,,,Yes,,Yes,,,,West Hill
2/19/2014 10:00:00 AM,956,Minor Arterial,Toronto and East York,43.670325,-79.455783,At Intersection,Traffic Signal,Clear,Daylight,Wet,Non-Fatal Injury,Pedestrian Collisions,Driver,40 to 44,,,Yes,,Yes,,,,,,,Yes,,,,Weston-Pelham Park
2/19/2014 10:00:00 AM,1410,Major Arterial,Toronto and East York,43.703456,-79.293659,Intersection Related,Stop Sign,Rain,Daylight,Wet,Non-Fatal Injury,Turning Movement,Driver,60 to 64,,,,,Yes,,,,,,,Yes,,,,Clairlea-Birchmount
2/19/2014 10:00:00 AM,1836,Minor Arterial,North York,43.714915,-79.334186,Intersection Related,Traffic Signal,Clear,"Dark, artificial",Dry,Non-Fatal Injury,Pedestrian Collisions,Driver,unknown,,,Yes,,Yes,,,,,,,Yes,,,,Flemingdon Park
2/20/2014 10:00:00 AM,2020,Major Arterial,Scarborough,43.732131,-79.267894,At/Near Private Drive,No Control,Rain,"Dark, artificial",Wet,Non-Fatal Injury,Pedestrian Collisions,Driver,unknown,,,Yes,,Yes,,,,,,,,,,,Kennedy Park
2/22/2014 10:00:00 AM,935,Major Arterial,Toronto and East York,43.673133,-79.414378,At Intersection,Traffic Signal,Clear,Daylight,Dry,Non-Fatal Injury,Pedestrian Collisions,Driver,55 to 59,,,Yes,,Yes,,,,,,,Yes,,,,Annex
2/22/2014 10:00:00 AM,2334,Major Arterial,Toronto and East York,43.652712,-79.363246,Non Intersection,Traffic Signal,Clear,"Dark, artificial",Dry,Non-Fatal Injury,Other,Passenger,25 to 29,,,,,,,,Yes,,Yes,,,,,,Moss Park
2/25/2014 10:00:00 AM,1327,Minor Arterial,Toronto and East York,43.669367,-79.302966,Non Intersection,No Control,Clear,Daylight,Dry,Non-Fatal Injury,Pedestrian Collisions,Driver,25 to 29,,,Yes,,Yes,,,,,,Yes,Yes,,,,The Beaches
2/27/2014 10:00:00 AM,1432,Major Arterial,Toronto and East York,43.697398,-79.396449,Non Intersection,No Control,Clear,Daylight,Dry,Non-Fatal Injury,Pedestrian Collisions,Driver,50 to 54,,,Yes,,,,,Yes,,,,,,,,South Eglinton-Davisville
3/2/2014 10:00:00 AM,1208,Major Arterial,North York,43.78728,-79.470042,At Intersection,Traffic Signal,Clear,Daylight,Wet,Non-Fatal Injury,Turning Movement,Driver,35 to 39,,,,,Yes,,,,,,,,,,,Bathurst Manor
3/5/2014 10:00:00 AM,1528,Minor Arterial,Etobicoke York,43.681712,-79.476039,Non Intersection,No Control,Clear,Daylight,Dry,Non-Fatal Injury,Turning Movement,Driver,25 to 29,,,,,Yes,,,,,Yes,,Yes,,,,Keelesdale-Eglinton West
3/5/2014 10:00:00 AM,1528,Minor Arterial,Etobicoke York,43.681712,-79.476039,Non Intersection,No Control,Clear,Daylight,Dry,Non-Fatal Injury,Turning Movement,Passenger,20 to 24,,,,,Yes,,,,,Yes,,Yes,,,,Keelesdale-Eglinton West
3/5/2014 10:00:00 AM,2309,Major Arterial,Scarborough,43.758967,-79.246433,Non Intersection,No Control,Clear,"Dark, artificial",Wet,Non-Fatal Injury,SMV Other,Passenger,20 to 24,,,,,Yes,,,,,Yes,Yes,Yes,,,,Bendale-Glen Andrew
3/6/2014 10:00:00 AM,1730,Major Arterial,Toronto and East York,43.650492,-79.479076,At Intersection,Traffic Signal,Clear,Daylight,Dry,Non-Fatal Injury,Pedestrian Collisions,Driver,25 to 29,,,Yes,,Yes,,,,,,,Yes,Yes,,,High Park-Swansea
3/7/2014 10:00:00 AM,825,Major Arterial,Scarborough,43.816847,-79.336452,At Intersection,Traffic Signal,Clear,Daylight,Dry,Non-Fatal Injury,Pedestrian Collisions,Driver,25 to 29,,,Yes,,Yes,,,,,,,Yes,,,,Steeles
3/7/2014 10:00:00 AM,825,Major Arterial,Scarborough,43.816847,-79.336452,At Intersection,Traffic Signal,Clear,Daylight,Dry,Non-Fatal Injury,Pedestrian Collisions,Driver,60 to 64,,,Yes,,Yes,,,,,,,Yes,,,,Steeles
3/7/2014 10:00:00 AM,825,Major Arterial,Scarborough,43.816847,-79.336452,At Intersection,Traffic Signal,Clear,Daylight,Dry,Non-Fatal Injury,Pedestrian Collisions,Driver,50 to 54,,,Yes,,Yes,,,,,,,Yes,,,,Steeles
3/7/2014 10:00:00 AM,2053,Major Arterial,Toronto and East York,43.64556,-79.369815,At Intersection,Traffic Signal,Clear,"Dark, artificial",Dry,Non-Fatal Injury,Pedestrian Collisions,Driver,unknown,,,Yes,,,,,,,,,Yes,,,,St Lawrence-East Bayfront-The Islands
3/9/2014 9:00:00 AM,30,Major Arterial,Toronto and East York,43.648753,-79.396373,At Intersection,Traffic Signal,Clear,"Dark, artificial",Dry,Non-Fatal Injury,Pedestrian Collisions,Driver,unknown,,,Yes,,,,,,,,,,,,,Wellington Place
3/13/2014 8:00:00 AM,1755,Major Arterial,Toronto and East York,43.654513,-79.369464,Intersection Related,Traffic Signal,Clear,Daylight,Dry,Non-Fatal Injury,Pedestrian Collisions,Driver,45 to 49,,,Yes,,Yes,,,,,,,,,,,Moss Park
3/14/2014 8:00:00 AM,1545,Major Arterial,Toronto and East York,43.641421,-79.380862,At Intersection,Traffic Signal,Clear,Daylight,Dry,Non-Fatal Injury,Pedestrian Collisions,Driver,20 to 24,,,Yes,,Yes,,,,,Yes,,Yes,,,,Harbourfront-CityPlace
3/14/2014 8:00:00 AM,1545,Major Arterial,Toronto and East York,43.641421,-79.380862,At Intersection,Traffic Signal,Clear,Daylight,Dry,Non-Fatal Injury,Pedestrian Collisions,Passenger,20 to 24,,,Yes,,Yes,,,,,Yes,,Yes,,,,Harbourfront-CityPlace
3/14/2014 8:00:00 AM,2041,Major Arterial,Scarborough,43.739905,-79.245532,Intersection Related,Traffic Signal,Clear,"Dark, artificial",Dry,Non-Fatal Injury,Pedestrian Collisions,Driver,40 to 44,,,Yes,,Yes,,,,,Yes,,Yes,,,,Eglinton East
3/14/2014 8:00:00 AM,2041,Major Arterial,Scarborough,43.739905,-79.245532,Intersection Related,Traffic Signal,Clear,"Dark, artificial",Dry,Non-Fatal Injury,Pedestrian Collisions,Driver,30 to 34,,,Yes,,Yes,,,,,Yes,,Yes,,,,Eglinton East
3/14/2014 8:00:00 AM,2041,Major Arterial,Scarborough,43.739905,-79.245532,Intersection Related,Traffic Signal,Clear,"Dark, artificial",Dry,Non-Fatal Injury,Pedestrian Collisions,Driver,15 to 19,,,Yes,,Yes,,,,,Yes,,Yes,,,,Eglinton East
3/14/2014 8:00:00 AM,2041,Major Arterial,Scarborough,43.739905,-79.245532,Intersection Related,Traffic Signal,Clear,"Dark, artificial",Dry,Non-Fatal Injury,Pedestrian Collisions,Passenger,25 to 29,,,Yes,,Yes,,,,,Yes,,Yes,,,,Eglinton East
3/14/2014 8:00:00 AM,2041,Major Arterial,Scarborough,43.739905,-79.245532,Intersection Related,Traffic Signal,Clear,"Dark, artificial",Dry,Non-Fatal Injury,Pedestrian Collisions,Passenger,0 to 4,,,Yes,,Yes,,,,,Yes,,Yes,,,,Eglinton East
3/17/2014 8:00:00 AM,700,Major Arterial,Scarborough,43.728591,-79.266422,Non Intersection,No Control,Clear,Dark,Dry,Non-Fatal Injury,Pedestrian Collisions,Driver,15 to 19,,,Yes,,Yes,,,,,,,,,,,Kennedy Park
3/19/2014 8:00:00 AM,615,Minor Arterial,Toronto and East York,43.664591,-79.355953,Non Intersection,No Control,Clear,Dark,Dry,Non-Fatal Injury,Pedestrian Collisions,Driver,30 to 34,,,Yes,,Yes,,,,,,,,,,,South Riverdale
3/19/2014 8:00:00 AM,615,Minor Arterial,Toronto and East York,43.664336,-79.355869,Non Intersection,No Control,Clear,Dark,Dry,Non-Fatal Injury,Pedestrian Collisions,Driver,60 to 64,,,Yes,,Yes,,,,,,,,,,,South Riverdale
3/22/2014 8:00:00 AM,1750,Minor Arterial,Toronto and East York,43.660632,-79.443607,Intersection Related,Stop Sign,Clear,Daylight,Dry,Non-Fatal Injury,Pedestrian Collisions,Driver,40 to 44,,,Yes,,Yes,,,,,,,Yes,,,,Junction-Wallace Emerson
3/23/2014 8:00:00 AM,1059,Major Arterial,North York,43.733172,-79.433002,At Intersection,No Control,Clear,Daylight,Dry,Non-Fatal Injury,Turning Movement,Driver,55 to 59,,,,,Yes,,,,,Yes,,Yes,,,,Bedford Park-Nortown
3/23/2014 8:00:00 AM,1059,Major Arterial,North York,43.733172,-79.433002,At Intersection,No Control,Clear,Daylight,Dry,Non-Fatal Injury,Turning Movement,Driver,50 to 54,,,,,Yes,,,,,Yes,,Yes,,,,Bedford Park-Nortown
3/23/2014 8:00:00 AM,1059,Major Arterial,North York,43.733172,-79.433002,At Intersection,No Control,Clear,Daylight,Dry,Non-Fatal Injury,Turning Movement,Passenger,20 to 24,,,,,Yes,,,,,Yes,,Yes,,,,Bedford Park-Nortown
3/23/2014 8:00:00 AM,1059,Major Arterial,North York,43.733172,-79.433002,At Intersection,No Control,Clear,Daylight,Dry,Non-Fatal Injury,Turning Movement,Passenger,30 to 34,,,,,Yes,,,,,Yes,,Yes,,,,Bedford Park-Nortown
3/26/2014 8:00:00 AM,955,Minor Arterial,Toronto and East York,43.647444,-79.375766,Intersection Related,Stop Sign,Clear,Daylight,Dry,Non-Fatal Injury,Pedestrian Collisions,Driver,25 to 29,,,Yes,,Yes,,,,,,,,,,,St Lawrence-East Bayfront-The Islands
3/28/2014 8:00:00 AM,1644,Major Arterial,Toronto and East York,43.64741,-79.40282,Non Intersection,No Control,Clear,Daylight,Dry,Non-Fatal Injury,Pedestrian Collisions,Driver,25 to 29,,,Yes,,Yes,,,,,,,,,,,Wellington Place
3/29/2014 8:00:00 AM,236,Minor Arterial,Scarborough,43.791693,-79.228359,Non Intersection,No Control,Clear,"Dark, artificial",Dry,Non-Fatal Injury,SMV Other,Passenger,15 to 19,,,,,Yes,,,,,Yes,,,,Yes,,Malvern East
3/29/2014 8:00:00 AM,247,Major Arterial,Toronto and East York,43.66664,-79.403857,At Intersection,Traffic Signal,Clear,"Dark, artificial",Dry,Non-Fatal Injury,Pedestrian Collisions,Driver,unknown,,,Yes,,Yes,,,,,,,,,,,University
3/31/2014 8:00:00 AM,1715,Major Arterial,North York,43.727889,-79.417903,At Intersection,Traffic Signal,Clear,Daylight,Dry,Non-Fatal Injury,Pedestrian Collisions,Driver,25 to 29,,,Yes,,Yes,,,,,,,Yes,Yes,,,Bedford Park-Nortown
4/3/2014 8:00:00 AM,930,Major Arterial,North York,43.721377,-79.505595,Non Intersection,No Control,Clear,Daylight,Dry,Non-Fatal Injury,Pedestrian Collisions,Driver,25 to 29,,,Yes,,Yes,,,,,,,,,,,Oakdale-Beverley Heights
4/4/2014 8:00:00 AM,2225,Major Arterial,North York,43.727645,-79.340846,Intersection Related,Traffic Signal,Rain,Dark,Wet,Non-Fatal Injury,Pedestrian Collisions,Driver,45 to 49,,,Yes,,Yes,,,,,,,,,,,Banbury-Don Mills
4/6/2014 8:00:00 AM,1555,Minor Arterial,Etobicoke York,43.65351,-79.514026,At Intersection,Stop Sign,Clear,Daylight,Dry,Non-Fatal Injury,Turning Movement,Motorcycle Driver,40 to 44,,,,,Yes,Yes,,,,,,Yes,,,,Kingsway South
4/6/2014 8:00:00 AM,1725,Major Arterial,Toronto and East York,43.687121,-79.393695,At Intersection,No Control,Clear,Daylight,Dry,Non-Fatal Injury,Pedestrian Collisions,Driver,75 to 79,,,Yes,,Yes,Yes,,,,,Yes,Yes,,,,Rosedale-Moore Park
4/6/2014 8:00:00 AM,1725,Major Arterial,Toronto and East York,43.687121,-79.393695,At Intersection,No Control,Clear,Daylight,Dry,Non-Fatal Injury,Pedestrian Collisions,Motorcycle Driver,25 to 29,,,Yes,,Yes,Yes,,,,,Yes,Yes,,,,Rosedale-Moore Park
4/6/2014 8:00:00 AM,1730,Major Arterial,Etobicoke York,43.646765,-79.530544,At Intersection,Traffic Signal,Clear,Daylight,Dry,Non-Fatal Injury,Pedestrian Collisions,Driver,70 to 74,,,Yes,,Yes,,,,,Yes,,Yes,,,,Etobicoke City Centre
4/6/2014 8:00:00 AM,1730,Major Arterial,Etobicoke York,43.646765,-79.530544,At Intersection,Traffic Signal,Clear,Daylight,Dry,Non-Fatal Injury,Pedestrian Collisions,Passenger,80 to 84,,,Yes,,Yes,,,,,Yes,,Yes,,,,Etobicoke City Centre
4/6/2014 8:00:00 AM,2002,Major Arterial,North York,43.708693,-79.376323,At Intersection,Pedestrian Crossover,Clear,"Dark, artificial",Dry,Non-Fatal Injury,Pedestrian Collisions,Driver,15 to 19,,,Yes,,Yes,,,,,Yes,,Yes,,,,Leaside-Bennington
4/6/2014 8:00:00 AM,2002,Major Arterial,North York,43.708693,-79.376323,At Intersection,Pedestrian Crossover,Clear,"Dark, artificial",Dry,Non-Fatal Injury,Pedestrian Collisions,Passenger,15 to 19,,,Yes,,Yes,,,,,Yes,,Yes,,,,Leaside-Bennington
4/8/2014 8:00:00 AM,1550,Major Arterial,Scarborough,43.720854,-79.257076,At Intersection,No Control,Clear,Daylight,Dry,Non-Fatal Injury,Pedestrian Collisions,Driver,30 to 34,,,Yes,,Yes,,,,,,,,,,,Kennedy Park
4/9/2014 8:00:00 AM,1005,Major Arterial,North York,43.790801,-79.453021,At Intersection,Traffic Signal,Clear,Daylight,Dry,Non-Fatal Injury,Turning Movement,Driver,15 to 19,,,,,Yes,,,,,Yes,Yes,Yes,,,,Westminster-Branson
4/9/2014 8:00:00 AM,1005,Major Arterial,North York,43.790801,-79.453021,At Intersection,Traffic Signal,Clear,Daylight,Dry,Non-Fatal Injury,Turning Movement,Passenger,15 to 19,,,,,Yes,,,,,Yes,Yes,Yes,,,,Westminster-Branson
4/9/2014 8:00:00 AM,1604,Major Arterial,North York,43.714595,-79.359813,At Intersection,Traffic Signal,Clear,Daylight,Dry,Non-Fatal Injury,Turning Movement,Motorcycle Driver,35 to 39,,,,,Yes,Yes,,,,,Yes,Yes,Yes,,,Thorncliffe Park
4/12/2014 8:00:00 AM,1030,Major Arterial,Etobicoke York,43.686984,-79.48952,Intersection Related,Traffic Signal,Clear,Daylight,Dry,Non-Fatal Injury,Turning Movement,Driver,40 to 44,,,,,Yes,,,,,Yes,,,,,,Mount Dennis
4/12/2014 8:00:00 AM,1030,Major Arterial,Etobicoke York,43.686984,-79.48952,Intersection Related,Traffic Signal,Clear,Daylight,Dry,Non-Fatal Injury,Turning Movement,Passenger,20 to 24,,,,,Yes,,,,,Yes,,,,,,Mount Dennis
4/12/2014 8:00:00 AM,2030,Minor Arterial,Toronto and East York,43.67966,-79.331622,Intersection Related,Stop Sign,Clear,"Dark, artificial",Dry,Non-Fatal Injury,Turning Movement,Driver,25 to 29,,,,,Yes,Yes,,,,,Yes,Yes,,,,Greenwood-Coxwell
4/12/2014 8:00:00 AM,2030,Minor Arterial,Toronto and East York,43.67966,-79.331622,Intersection Related,Stop Sign,Clear,"Dark, artificial",Dry,Non-Fatal Injury,Turning Movement,Driver,20 to 24,,,,,Yes,Yes,,,,,Yes,Yes,,,,Greenwood-Coxwell
4/14/2014 8:00:00 AM,934,Major Arterial,Toronto and East York,43.651122,-79.476299,Intersection Related,Traffic Signal,Clear,Daylight,Dry,Non-Fatal Injury,Sideswipe,Driver,35 to 39,,,,,Yes,,,,,Yes,,,,,Yes,High Park-Swansea
4/14/2014 8:00:00 AM,934,Major Arterial,Toronto and East York,43.651122,-79.476299,Intersection Related,Traffic Signal,Clear,Daylight,Dry,Non-Fatal Injury,Sideswipe,Driver,75 to 79,,,,,Yes,,,,,Yes,,,,,Yes,High Park-Swansea
4/14/2014 8:00:00 AM,934,Major Arterial,Toronto and East York,43.651122,-79.476299,Intersection Related,Traffic Signal,Clear,Daylight,Dry,Non-Fatal Injury,Sideswipe,Passenger,75 to 79,,,,,Yes,,,,,Yes,,,,,Yes,High Park-Swansea
4/14/2014 8:00:00 AM,934,Major Arterial,Toronto and East York,43.651122,-79.476299,Intersection Related,Traffic Signal,Clear,Daylight,Dry,Non-Fatal Injury,Sideswipe,Passenger,30 to 34,,,,,Yes,,,,,Yes,,,,,Yes,High Park-Swansea
4/14/2014 8:00:00 AM,1030,Major Arterial,Etobicoke York,43.72042,-79.609165,Non Intersection,No Control,Clear,Daylight,Dry,Non-Fatal Injury,Cyclist Collisions,Driver,unknown,,,,Yes,Yes,,,,,,,Yes,,,,West Humber-Clairville
4/16/2014 8:00:00 AM,718,Major Arterial,North York,43.790801,-79.453021,At Intersection,Traffic Signal,Clear,Daylight,Dry,Non-Fatal Injury,Turning Movement,Driver,40 to 44,,,,,Yes,,,,,,,Yes,Yes,,,Westminster-Branson
4/16/2014 8:00:00 AM,1453,Major Arterial,Etobicoke York,43.759448,-79.596225,Non Intersection,No Control,Clear,Daylight,Dry,Non-Fatal Injury,Approaching,Driver,40 to 44,,,,,Yes,,,,,Yes,Yes,Yes,,,,Mount Olive-Silverstone-Jamestown
4/16/2014 8:00:00 AM,1453,Major Arterial,Etobicoke York,43.759448,-79.596225,Non Intersection,No Control,Clear,Daylight,Dry,Non-Fatal Injury,Approaching,Passenger,15 to 19,,,,,Yes,,,,,Yes,Yes,Yes,,,,Mount Olive-Silverstone-Jamestown
4/16/2014 8:00:00 AM,1453,Major Arterial,Etobicoke York,43.759448,-79.596225,Non Intersection,No Control,Clear,Daylight,Dry,Non-Fatal Injury,Approaching,Passenger,45 to 49,,,,,Yes,,,,,Yes,Yes,Yes,,,,Mount Olive-Silverstone-Jamestown
4/8/2014 8:00:00 AM,1955,Major Arterial,Toronto and East York,43.663043,-79.402095,Non Intersection,No Control,Other,Daylight,Dry,Non-Fatal Injury,Cyclist Collisions,Driver,20 to 24,,,,Yes,Yes,,,,,Yes,,,,,,University
4/8/2014 8:00:00 AM,1955,Major Arterial,Toronto and East York,43.663043,-79.402095,Non Intersection,No Control,Other,Daylight,Dry,Non-Fatal Injury,Cyclist Collisions,Passenger,50 to 54,,,,Yes,Yes,,,,,Yes,,,,,,University
4/17/2014 8:00:00 AM,2030,Major Arterial,Toronto and East York,43.635459,-79.473483,Underpass or Tunnel,No Control,Clear,"Dark, artificial",Dry,Non-Fatal Injury,Sideswipe,Driver,60 to 64,,,,,Yes,,,,,Yes,Yes,Yes,,,,High Park-Swansea
4/17/2014 8:00:00 AM,2030,Major Arterial,Toronto and East York,43.635459,-79.473483,Underpass or Tunnel,No Control,Clear,"Dark, artificial",Dry,Non-Fatal Injury,Sideswipe,Passenger,40 to 44,,,,,Yes,,,,,Yes,Yes,Yes,,,,High Park-Swansea
4/21/2014 8:00:00 AM,1433,Minor Arterial,Scarborough,43.760081,-79.182796,Non Intersection,No Control,Clear,Daylight,Dry,Non-Fatal Injury,Cyclist Collisions,Driver,30 to 34,,,,Yes,Yes,,,,,,,,,,,West Hill
4/21/2014 8:00:00 AM,2201,Major Arterial,North York,43.742125,-79.309787,Intersection Related,Traffic Signal,Clear,"Dark, artificial",Dry,Non-Fatal Injury,Pedestrian Collisions,Driver,40 to 44,,,Yes,,Yes,,,,,Yes,,Yes,,,,Victoria Village